date,Actual_Anomaly,Predicted_Probability
2018-01-10,0,0.00016993153
2018-01-11,0,0.00015360296
2018-01-11,0,0.00011321495
2018-01-11,0,0.00011321495
2018-01-12,0,0.00014932679
2018-01-12,0,0.00017294896
2018-01-12,0,0.00017294896
2018-01-13,0,0.000117170355
2018-01-13,0,0.00012354198
2018-01-13,0,0.00012354198
2018-01-14,0,0.00012354198
2018-01-14,0,0.00011512752
2018-01-14,0,0.00017247582
2018-01-15,0,0.00019058243
2018-01-15,0,0.00019058243
2018-01-15,0,0.00021968217
2018-01-16,0,0.00016578536
2018-01-16,0,0.00016578536
2018-01-16,0,0.0002495578
2018-01-17,0,0.00018516852
2018-01-17,0,0.00018516852
2018-01-17,0,0.00021709871
2018-01-18,0,0.00014883337
2018-01-18,0,0.00014883337
2018-01-18,0,0.00013760003
2018-01-19,0,0.00015631468
2018-01-19,0,0.00013760003
2018-01-19,0,0.00017429952
2018-01-20,0,0.00028175267
2018-01-20,0,0.00033693048
2018-01-20,0,0.00041753062
2018-01-21,0,0.00020980206
2018-01-21,0,9.1329945e-05
2018-01-21,0,0.00012164589
2018-01-22,0,0.0001525238
2018-01-22,0,0.00017740937
2018-01-22,0,0.00027865858
2018-01-23,0,0.00026095734
2018-01-23,0,0.0002001888
2018-01-23,0,0.00015746838
2018-01-24,0,0.00012558959
2018-01-24,0,9.923323e-05
2018-01-24,0,0.00011292426
2018-01-25,0,0.00011292426
2018-01-25,0,0.00015422331
2018-01-25,0,0.00017828065
2018-01-26,0,0.00016406932
2018-01-26,0,0.00015283667
2018-01-26,0,0.00014980983
2018-01-27,0,0.0001044052
2018-01-27,0,9.0237445e-05
2018-01-27,0,0.00020996234
2018-01-28,0,0.00013221231
2018-01-28,0,0.00018837041
2018-01-28,0,0.0002044531
2018-01-29,0,0.00018668444
2018-01-29,0,0.00016149328
2018-01-29,0,0.00012752853
2018-01-30,0,0.00013158697
2018-01-30,0,0.000113128284
2018-01-30,0,0.000113128284
2018-01-31,0,8.587543e-05
2018-01-31,0,8.587543e-05
2018-01-31,0,9.260365e-05
2018-02-01,0,9.260365e-05
2018-02-01,0,8.912239e-05
2018-02-01,0,8.912239e-05
2018-02-02,0,8.912239e-05
2018-02-02,0,9.294151e-05
2018-02-02,0,0.0001358309
2018-02-03,0,0.0001358309
2018-02-03,0,0.00012924649
2018-02-03,0,0.00016564898
2018-02-04,0,0.0001583127
2018-02-04,0,0.00016564898
2018-02-04,0,0.00016564898
2018-02-05,0,9.394546e-05
2018-02-05,0,0.00018262918
2018-02-05,0,0.00018262918
2018-02-06,0,0.00022486465
2018-02-06,0,0.00026733725
2018-02-06,0,9.575572e-05
2018-02-07,0,0.00018262918
2018-02-07,0,0.0003373345
2018-02-07,0,0.00015251538
2018-02-08,0,0.00015251538
2018-02-08,0,0.00029228738
2018-02-08,0,0.00016617104
2018-02-09,0,0.00016387092
2018-02-09,0,0.00017566833
2018-02-09,0,0.00016123232
2018-02-10,0,0.00017566833
2018-02-10,0,0.00017566833
2018-02-10,0,0.00016123232
2018-02-11,0,0.0001330148
2018-02-11,0,0.00012408163
2018-02-11,0,0.00014320851
2018-02-12,0,0.00014320851
2018-02-12,0,0.00014320851
2018-02-12,0,0.00015040426
2018-02-13,0,0.00015040426
2018-02-13,0,0.00015040426
2018-02-13,0,9.8382225e-05
2018-02-14,0,0.00013692767
2018-02-14,0,0.00013692767
2018-02-14,0,9.140871e-05
2018-02-15,0,9.140871e-05
2018-02-15,0,0.00010702596
2018-02-15,0,0.0001368966
2018-02-16,0,0.0001368966
2018-02-16,0,0.00010702596
2018-02-16,0,0.00010702596
2018-02-17,0,0.00010702596
2018-02-17,0,0.00014769728
2018-02-17,0,0.0001368966
2018-02-18,0,0.0001368966
2018-02-18,0,0.00010702596
2018-02-18,0,0.00012533955
2018-02-19,0,0.00017296907
2018-02-19,0,0.00018196434
2018-02-19,0,0.00018172454
2018-02-20,0,0.0003488461
2018-02-20,0,0.00024991093
2018-02-20,0,0.00020617699
2018-02-21,0,0.00021287882
2018-02-21,0,0.00021287882
2018-02-21,0,0.00021287882
2018-02-22,0,0.00021287882
2018-02-22,0,0.00012147562
2018-02-22,0,0.00023258857
2018-02-23,0,0.00017127357
2018-02-23,0,0.00017127357
2018-02-23,0,0.00020057858
2018-02-24,0,0.00017318311
2018-02-24,0,0.00016074725
2018-02-24,0,0.00016074725
2018-02-25,0,0.00017318311
2018-02-25,0,0.00017318311
2018-02-25,0,0.00017318311
2018-02-26,0,0.00017318311
2018-02-26,0,0.00017318311
2018-02-26,0,0.00017318311
2018-02-27,0,0.00018565063
2018-02-27,0,0.00018565063
2018-02-27,0,0.00018565063
2018-02-28,0,0.00018565063
2018-02-28,0,0.00021501786
2018-02-28,0,0.00021501786
2018-03-01,0,0.00018565063
2018-03-01,0,0.00016201536
2018-03-01,0,0.00018698872
2018-03-02,0,0.00017310436
2018-03-02,0,0.00011923635
2018-03-02,0,0.00013049152
2018-03-03,0,0.00016147927
2018-03-03,0,0.000117921554
2018-03-03,0,0.000117921554
2018-03-04,0,0.00017127357
2018-03-04,0,0.00021907139
2018-03-04,0,0.00018397025
2018-03-05,0,0.00010750312
2018-03-05,0,0.0001018759
2018-03-05,0,0.00013149416
2018-03-06,0,0.00013149416
2018-03-06,0,0.00013149416
2018-03-06,0,0.00013149416
2018-03-07,0,0.00014390622
2018-03-07,0,0.00015185482
2018-03-07,0,0.00015185482
2018-03-08,0,0.00018406833
2018-03-08,0,0.00018406833
2018-03-08,0,0.00018406833
2018-03-09,0,0.00015185482
2018-03-09,0,0.00015185482
2018-03-09,0,0.00013875714
2018-03-10,0,0.00013875714
2018-03-10,0,0.00034878394
2018-03-10,0,7.721507e-05
2018-03-11,0,0.00022599782
2018-03-11,0,0.00010352654
2018-03-11,0,0.00010154323
2018-03-12,0,0.00010154323
2018-03-12,0,0.0001019378
2018-03-12,0,8.801372e-05
2018-03-13,0,8.801372e-05
2018-03-13,0,7.2747775e-05
2018-03-13,0,8.082978e-05
2018-03-14,0,0.00015016108
2018-03-14,0,0.00017947097
2018-03-14,0,0.0001462181
2018-03-15,0,0.00013903872
2018-03-15,0,0.00012786106
2018-03-15,0,0.00014086174
2018-03-16,0,0.00012786106
2018-03-16,0,6.870493e-05
2018-03-16,0,5.2525043e-05
2018-03-17,0,5.74835e-05
2018-03-17,0,5.2525043e-05
2018-03-17,0,5.8788773e-05
2018-03-18,0,9.567056e-05
2018-03-18,0,8.993008e-05
2018-03-18,0,7.613318e-05
2018-03-19,0,7.613318e-05
2018-03-19,0,9.962984e-05
2018-03-19,0,0.00010010237
2018-03-20,0,0.00010660794
2018-03-20,0,0.00010010237
2018-03-20,0,9.1932765e-05
2018-03-21,0,6.5964145e-05
2018-03-21,0,9.1932765e-05
2018-03-21,0,5.919076e-05
2018-03-22,0,6.6474946e-05
2018-03-22,0,6.639322e-05
2018-03-22,0,6.821283e-05
2018-03-23,0,9.998455e-05
2018-03-23,0,6.821283e-05
2018-03-23,0,6.363138e-05
2018-03-24,0,0.00024336556
2018-03-24,0,0.00019002084
2018-03-24,0,0.00019002084
2018-03-25,0,8.98849e-05
2018-03-25,0,0.00012033563
2018-03-25,0,0.00010573826
2018-03-26,0,0.00017325547
2018-03-26,0,0.00014320647
2018-03-26,0,0.00013170535
2018-03-27,0,0.00014468693
2018-03-27,0,0.00013545231
2018-03-27,0,8.5554944e-05
2018-03-28,0,0.00012476074
2018-03-28,0,0.00025576344
2018-03-28,0,0.00017383147
2018-03-29,0,0.00015160584
2018-03-29,0,0.00015160584
2018-03-29,0,0.00018177011
2018-03-30,0,0.00016000832
2018-03-30,0,0.00016000832
2018-03-30,0,0.00018346575
2018-03-31,0,0.00014034047
2018-03-31,0,0.00014885509
2018-03-31,0,9.077053e-05
2018-04-01,0,9.8767996e-05
2018-04-01,0,0.00012599766
2018-04-01,0,0.000108544315
2018-04-02,0,0.00016781907
2018-04-02,0,0.00036219432
2018-04-02,0,0.00016781907
2018-04-03,0,0.00043892022
2018-04-03,0,0.00028120363
2018-04-03,0,0.00048327981
2018-04-04,0,0.00017458662
2018-04-04,0,0.00012970403
2018-04-04,0,0.00016615805
2018-04-05,0,0.00011982015
2018-04-05,0,0.000145239
2018-04-05,0,0.000145239
2018-04-06,0,0.000145239
2018-04-06,0,0.00012844666
2018-04-06,0,0.0001633645
2018-04-07,0,0.00023666798
2018-04-07,0,0.0001633645
2018-04-07,0,0.0002672789
2018-04-08,0,0.00023310806
2018-04-08,0,0.00018924948
2018-04-08,0,0.00019801912
2018-04-09,0,0.00019339324
2018-04-09,0,0.00020754621
2018-04-09,0,0.00020754621
2018-04-10,0,0.00020754621
2018-04-10,0,0.00025586662
2018-04-10,0,0.0003470747
2018-04-11,0,0.0003470747
2018-04-11,0,0.00028634202
2018-04-11,0,0.00025586662
2018-04-12,0,0.0001864004
2018-04-12,0,0.00010857082
2018-04-12,0,0.00012530715
2018-04-13,0,0.00018751042
2018-04-13,0,0.00018751042
2018-04-13,0,0.00016246726
2018-04-14,0,0.00016040352
2018-04-14,0,0.00016040352
2018-04-14,0,0.00014722146
2018-04-15,0,0.0001553533
2018-04-15,0,0.00017812841
2018-04-15,0,0.00017812841
2018-04-16,0,0.00017812841
2018-04-16,0,0.00019407691
2018-04-16,0,0.00017733834
2018-04-17,0,0.00017733834
2018-04-17,0,0.00017733834
2018-04-17,0,0.00019407691
2018-04-18,0,0.00019407691
2018-04-18,0,0.00019407691
2018-04-18,0,0.00024865314
2018-04-19,0,0.00019407691
2018-04-19,0,0.00019407691
2018-04-19,0,0.00019407691
2018-04-20,0,0.00020804825
2018-04-20,0,0.00021877915
2018-04-20,0,0.00020804825
2018-04-21,0,0.00018648556
2018-04-21,0,0.00015917668
2018-04-21,0,0.00018500334
2018-04-22,0,0.00015973469
2018-04-22,0,0.00018500334
2018-04-22,0,0.00012082717
2018-04-23,0,0.00013644542
2018-04-23,0,0.00013644542
2018-04-23,0,0.00013644542
2018-04-24,0,0.00046431948
2018-04-24,0,0.0001110034
2018-04-24,0,6.342782e-05
2018-04-25,0,6.901638e-05
2018-04-25,0,0.00024015375
2018-04-25,0,8.590861e-05
2018-04-26,0,0.00026710768
2018-04-26,0,9.0034424e-05
2018-04-26,0,0.00016327294
2018-04-27,0,0.0001641136
2018-04-27,0,0.00015604186
2018-04-27,0,0.00014481142
2018-04-28,0,8.6046675e-05
2018-04-28,0,5.0479714e-05
2018-04-28,0,0.00010906724
2018-04-29,0,0.00011750535
2018-04-29,0,5.9548463e-05
2018-04-29,0,5.9548463e-05
2018-04-30,0,0.00020980086
2018-04-30,0,0.00015765424
2018-04-30,0,0.00015765424
2018-05-01,0,0.00016381203
2018-05-01,0,0.00014385176
2018-05-01,0,0.00014385176
2018-05-02,0,0.00014385176
2018-05-02,0,0.00014385176
2018-05-02,0,0.00017887099
2018-05-03,0,0.00013960864
2018-05-03,0,9.329465e-05
2018-05-03,0,0.00013960864
2018-05-04,0,0.00013960864
2018-05-04,0,0.00013960864
2018-05-04,0,0.00015661337
2018-05-05,0,0.00015661337
2018-05-05,0,0.00015661337
2018-05-05,0,0.000114444854
2018-05-06,0,0.000114444854
2018-05-06,0,0.000104658786
2018-05-06,0,0.000104658786
2018-05-07,0,0.000104658786
2018-05-07,0,0.000104658786
2018-05-07,0,0.000118187345
2018-05-08,0,0.000118187345
2018-05-08,0,0.00026209085
2018-05-08,0,0.00018006525
2018-05-09,0,0.00013675701
2018-05-09,0,0.00037837683
2018-05-09,0,0.0002265067
2018-05-10,0,0.00037724248
2018-05-10,0,0.00030626266
2018-05-10,0,0.00022183076
2018-05-11,0,0.00022183076
2018-05-11,0,0.00024137266
2018-05-11,0,0.00024137266
2018-05-12,0,0.00022578007
2018-05-12,0,0.00022578007
2018-05-12,0,0.00022434193
2018-05-13,0,0.00022434193
2018-05-13,0,0.00022434193
2018-05-13,0,0.00020617855
2018-05-14,0,0.00023856969
2018-05-14,0,0.00023856969
2018-05-14,0,0.00019134901
2018-05-15,0,0.00019134901
2018-05-15,0,0.00019134901
2018-05-15,0,0.00022730265
2018-05-16,0,0.00024765282
2018-05-16,0,0.00027102642
2018-05-16,0,0.00024875606
2018-05-17,0,0.00023392093
2018-05-17,0,0.00023392093
2018-05-17,0,0.0002149818
2018-05-18,0,0.0002149818
2018-05-18,0,0.0002149818
2018-05-18,0,0.0002149818
2018-05-19,0,0.0002149818
2018-05-19,0,0.0002149818
2018-05-19,0,0.0002577335
2018-05-20,0,0.00023655516
2018-05-20,0,0.00023655516
2018-05-20,0,0.00020804825
2018-05-21,0,0.00024464974
2018-05-21,0,0.00024464974
2018-05-21,0,0.00024464974
2018-05-22,0,0.00012760723
2018-05-22,0,0.00020804825
2018-05-22,0,0.00019095186
2018-05-23,0,0.00040593353
2018-05-23,0,0.00020804825
2018-05-23,0,0.00024865314
2018-05-24,0,0.00012969562
2018-05-24,0,0.00020804825
2018-05-24,0,0.0002399919
2018-05-25,0,0.00012517747
2018-05-25,0,0.00012517747
2018-05-25,0,0.00012517747
2018-05-26,0,0.00012517747
2018-05-26,0,0.00012517747
2018-05-26,0,0.00012517747
2018-05-27,0,0.00010381659
2018-05-27,0,0.00011621075
2018-05-27,0,0.00011621075
2018-05-28,0,9.8382225e-05
2018-05-28,0,9.8382225e-05
2018-05-28,0,9.8382225e-05
2018-05-29,0,9.402477e-05
2018-05-29,0,9.402477e-05
2018-05-29,0,0.00010173426
2018-05-30,0,0.0001140259
2018-05-30,0,9.8954e-05
2018-05-30,0,0.00012818431
2018-05-31,0,0.00012818431
2018-05-31,0,0.00012818431
2018-05-31,0,0.00012818431
2018-06-01,0,0.00012818431
2018-06-01,0,0.00012818431
2018-06-01,0,0.000118080214
2018-06-02,0,0.00013606487
2018-06-02,0,0.00014237035
2018-06-02,0,0.00013606487
2018-06-03,0,0.00015994745
2018-06-03,0,0.0001554975
2018-06-03,0,0.00015129996
2018-06-04,0,0.00013195476
2018-06-04,0,0.00013195476
2018-06-04,0,0.00013195476
2018-06-05,0,0.00013806978
2018-06-05,0,0.00013806978
2018-06-05,0,0.00015798169
2018-06-06,0,0.0001168362
2018-06-06,0,0.0001168362
2018-06-06,0,0.0001168362
2018-06-07,0,0.0001168362
2018-06-07,0,0.00015084576
2018-06-07,0,0.00016529398
2018-06-08,0,0.00014707708
2018-06-08,0,0.00016024575
2018-06-08,0,0.00018559524
2018-06-09,0,6.9603964e-05
2018-06-09,0,0.00013826082
2018-06-09,0,0.00015142119
2018-06-10,0,0.00012976551
2018-06-10,0,0.00028100287
2018-06-10,0,6.373274e-05
2018-06-11,0,0.00012389956
2018-06-11,0,0.00014350007
2018-06-11,0,0.00012389956
2018-06-12,0,0.00012389956
2018-06-12,0,0.0001155784
2018-06-12,0,0.00012389956
2018-06-13,0,0.000102530335
2018-06-13,0,0.00012389956
2018-06-13,0,0.0001155784
2018-06-14,0,6.373274e-05
2018-06-14,0,6.832148e-05
2018-06-14,0,0.00034084907
2018-06-15,0,0.00038421425
2018-06-15,0,0.00016994141
2018-06-15,0,0.00015075704
2018-06-16,0,5.8235262e-05
2018-06-16,0,0.00031145563
2018-06-16,0,0.00036071657
2018-06-17,0,7.874539e-05
2018-06-17,0,8.349158e-05
2018-06-17,0,6.985525e-05
2018-06-18,0,0.00015140834
2018-06-18,0,0.00017067559
2018-06-18,0,0.00014280189
2018-06-19,0,8.349158e-05
2018-06-19,0,8.349158e-05
2018-06-19,0,8.349158e-05
2018-06-20,0,0.00012668085
2018-06-20,0,7.874539e-05
2018-06-20,0,0.00033440258
2018-06-21,0,0.00019698113
2018-06-21,0,4.8058853e-05
2018-06-21,0,0.00016731147
2018-06-22,0,0.00014445905
2018-06-22,0,5.4175227e-05
2018-06-22,0,0.00016731147
2018-06-23,0,7.705031e-05
2018-06-23,0,0.00013600106
2018-06-23,0,7.705031e-05
2018-06-24,0,0.00013972825
2018-06-24,0,6.719796e-05
2018-06-24,0,0.00015302828
2018-06-25,0,0.000133462
2018-06-25,0,0.00014185243
2018-06-25,0,0.00014185243
2018-06-26,0,0.00012952359
2018-06-26,0,0.00012952359
2018-06-26,0,0.00012952359
2018-06-27,0,0.00012952359
2018-06-27,0,0.00012952359
2018-06-27,0,0.00012952359
2018-06-28,0,0.00012952359
2018-06-28,0,0.00012952359
2018-06-28,0,7.142283e-05
2018-06-29,0,0.00032182105
2018-06-29,0,0.0002697632
2018-06-29,0,7.6570985e-05
2018-06-30,0,7.6570985e-05
2018-06-30,0,0.00015596258
2018-06-30,0,0.0001534251
2018-07-01,0,0.00017707475
2018-07-01,0,0.00015120319
2018-07-01,0,0.0001471701
2018-07-02,0,0.00021076767
2018-07-02,0,0.0003001278
2018-07-02,0,8.502806e-05
2018-07-03,0,8.762065e-05
2018-07-03,0,9.273948e-05
2018-07-03,0,0.00019771424
2018-07-04,0,0.00011441964
2018-07-04,0,0.0001808416
2018-07-04,0,7.7480676e-05
2018-07-05,0,0.00024214695
2018-07-05,0,0.00017625053
2018-07-05,0,0.00017625053
2018-07-06,0,7.4844225e-05
2018-07-06,0,0.00027165297
2018-07-06,0,0.0001954556
2018-07-07,0,0.00026106162
2018-07-07,0,0.00033713356
2018-07-07,0,0.00031672334
2018-07-08,0,0.0001253019
2018-07-08,0,0.00016172968
2018-07-08,0,0.00014255659
2018-07-09,0,0.00010794843
2018-07-09,0,0.00010794843
2018-07-09,0,8.491049e-05
2018-07-10,0,8.491049e-05
2018-07-10,0,0.00010794843
2018-07-10,0,0.0001257516
2018-07-11,0,5.8124406e-05
2018-07-11,0,5.8124406e-05
2018-07-11,0,0.000110420326
2018-07-12,0,0.000110420326
2018-07-12,0,6.371019e-05
2018-07-12,0,0.00019323306
2018-07-13,0,0.00017050447
2018-07-13,0,0.00014009513
2018-07-13,0,0.00016636399
2018-07-14,0,0.0001221824
2018-07-14,0,0.0001288768
2018-07-14,0,0.00010632134
2018-07-15,0,0.00022725866
2018-07-15,0,0.00010051003
2018-07-15,0,0.00017767465
2018-07-16,0,7.857819e-05
2018-07-16,0,7.857819e-05
2018-07-16,0,7.857819e-05
2018-07-17,0,9.187493e-05
2018-07-17,0,0.00013714144
2018-07-17,0,0.00012877287
2018-07-18,0,0.00012505375
2018-07-18,0,0.00011901451
2018-07-18,0,0.00011901451
2018-07-19,0,0.00011026681
2018-07-19,0,0.00011610221
2018-07-19,0,0.00010075588
2018-07-20,0,0.00013714144
2018-07-20,0,0.00013399949
2018-07-20,0,0.00012726456
2018-07-21,0,0.00011949871
2018-07-21,0,0.00011949871
2018-07-21,0,0.00012917588
2018-07-22,0,0.0001177903
2018-07-22,0,0.00031308678
2018-07-22,0,0.00012627056
2018-07-23,0,0.00013002587
2018-07-23,0,0.00013002587
2018-07-23,0,0.00014433816
2018-07-24,0,0.00016106975
2018-07-24,0,0.00023364232
2018-07-24,0,0.0001771227
2018-07-25,0,0.0001771227
2018-07-25,0,0.00017970763
2018-07-25,0,0.00018803519
2018-07-26,0,0.00018803519
2018-07-26,0,0.0002279218
2018-07-26,0,0.0002279218
2018-07-27,0,0.00016825007
2018-07-27,0,0.0001721592
2018-07-27,0,0.00014864474
2018-07-28,0,0.00020172723
2018-07-28,0,0.00020852331
2018-07-28,0,0.00020852331
2018-07-29,0,0.00014770178
2018-07-29,0,0.00012639609
2018-07-29,0,0.00013762589
2018-07-30,0,0.00012639609
2018-07-30,0,0.00012844666
2018-07-30,0,0.00012844666
2018-07-31,0,0.00015487453
2018-07-31,0,0.00013507235
2018-07-31,0,0.00013233213
2018-08-01,0,0.00013692767
2018-08-01,0,0.00019802175
2018-08-01,0,0.00012584084
2018-08-02,0,0.00024126362
2018-08-02,0,0.0001553533
2018-08-02,0,0.00017812841
2018-08-03,0,0.0002282208
2018-08-03,0,0.00011903709
2018-08-03,0,0.00020525706
2018-08-04,0,0.00012292915
2018-08-04,0,0.00015419156
2018-08-04,0,0.0003011152
2018-08-05,0,0.00015706336
2018-08-05,0,0.0001229696
2018-08-05,0,0.00014547851
2018-08-06,0,0.00014547851
2018-08-06,0,0.0001268074
2018-08-06,0,0.00012777283
2018-08-07,0,0.00012777283
2018-08-07,0,0.00012777283
2018-08-07,0,0.00012777283
2018-08-08,0,0.00013902997
2018-08-08,0,0.00011669513
2018-08-08,0,0.00013380362
2018-08-09,0,0.00013380362
2018-08-09,0,0.00011669513
2018-08-09,0,0.00011669513
2018-08-10,0,0.00015868038
2018-08-10,0,0.00011611781
2018-08-10,0,0.00010127045
2018-08-11,0,0.00013380362
2018-08-11,0,0.000113605995
2018-08-11,0,0.000113605995
2018-08-12,0,0.000113605995
2018-08-12,0,0.00013400677
2018-08-12,0,0.00012315631
2018-08-13,0,0.00013478144
2018-08-13,0,0.00013077866
2018-08-13,0,0.00010537218
2018-08-14,0,9.6283395e-05
2018-08-14,0,8.400709e-05
2018-08-14,0,8.400709e-05
2018-08-15,0,9.8382225e-05
2018-08-15,0,0.00011411955
2018-08-15,0,0.00012417397
2018-08-16,0,9.140871e-05
2018-08-16,0,9.140871e-05
2018-08-16,0,0.000107050255
2018-08-17,0,0.000107050255
2018-08-17,0,9.140871e-05
2018-08-17,0,0.000107050255
2018-08-18,0,0.00013171113
2018-08-18,0,0.00017358833
2018-08-18,0,0.00013171113
2018-08-19,0,0.00013171113
2018-08-19,0,0.00013571256
2018-08-19,0,0.00012035078
2018-08-20,0,0.00011851497
2018-08-20,0,0.00012035078
2018-08-20,0,0.00012400725
2018-08-21,0,0.0001309541
2018-08-21,0,0.00016494696
2018-08-21,0,0.00012812737
2018-08-22,0,0.00012812737
2018-08-22,0,0.00018721225
2018-08-22,0,0.00019689609
2018-08-23,0,0.00015236494
2018-08-23,0,0.00015236494
2018-08-23,0,0.000119516495
2018-08-24,0,0.000119516495
2018-08-24,0,0.00013703857
2018-08-24,0,0.00013703857
2018-08-25,0,7.307337e-05
2018-08-25,0,6.3729516e-05
2018-08-25,0,6.789917e-05
2018-08-26,0,0.00014670102
2018-08-26,0,0.00014670102
2018-08-26,0,0.0001220926
2018-08-27,0,0.00012686157
2018-08-27,0,0.00012686157
2018-08-27,0,0.00013101005
2018-08-28,0,0.00012608516
2018-08-28,0,0.00011425872
2018-08-28,0,0.00012272196
2018-08-29,0,0.00012751552
2018-08-29,0,8.865366e-05
2018-08-29,0,8.865366e-05
2018-08-30,0,9.503653e-05
2018-08-30,0,8.461636e-05
2018-08-30,0,9.702229e-05
2018-08-31,0,9.702229e-05
2018-08-31,0,8.461636e-05
2018-08-31,0,0.000120490746
2018-09-01,0,0.000120490746
2018-09-01,0,0.000120490746
2018-09-01,0,5.294738e-05
2018-09-02,0,0.0001266637
2018-09-02,0,0.00013191688
2018-09-02,0,0.000104204584
2018-09-03,0,0.00011404101
2018-09-03,0,0.00013076045
2018-09-03,0,0.0004595032
2018-09-04,0,0.0004595032
2018-09-04,0,0.0001636659
2018-09-04,0,0.00013502238
2018-09-05,0,0.00015832915
2018-09-05,0,0.00015363563
2018-09-05,0,0.00012378242
2018-09-06,0,0.00014176778
2018-09-06,0,0.00017075535
2018-09-06,0,0.00012954013
2018-09-07,0,0.00016569352
2018-09-07,0,0.00015137154
2018-09-07,0,0.00015008765
2018-09-08,0,0.00014523458
2018-09-08,0,0.00014778815
2018-09-08,0,0.00029786388
2018-09-09,0,4.2474563e-05
2018-09-09,0,4.2474563e-05
2018-09-09,0,0.00011055444
2018-09-10,0,0.0001253784
2018-09-10,0,0.0001253784
2018-09-10,0,0.00012066517
2018-09-11,0,7.992085e-05
2018-09-11,0,0.000106398424
2018-09-11,0,9.147279e-05
2018-09-12,0,4.734224e-05
2018-09-12,0,9.196862e-05
2018-09-12,0,0.00011385716
2018-09-13,0,0.00021087138
2018-09-13,0,0.00019379825
2018-09-13,0,0.00019800458
2018-09-14,0,0.00019800458
2018-09-14,0,0.00012539155
2018-09-14,0,0.00014359425
2018-09-15,0,0.0001290252
2018-09-15,0,0.00016209525
2018-09-15,0,0.00013275616
2018-09-16,0,0.00011447868
2018-09-16,0,0.000110136505
2018-09-16,0,0.00013401994
2018-09-17,0,0.00013930346
2018-09-17,0,0.00013401994
2018-09-17,0,0.00016154395
2018-09-18,0,0.00016154395
2018-09-18,0,0.000115781586
2018-09-18,0,7.738985e-05
2018-09-19,0,5.8701775e-05
2018-09-19,0,6.050271e-05
2018-09-19,0,5.317929e-05
2018-09-20,0,0.00032060957
2018-09-20,0,4.157489e-05
2018-09-20,0,0.00032060957
2018-09-21,0,0.00014180361
2018-09-21,0,0.00012286424
2018-09-21,0,6.398369e-05
2018-09-22,0,0.0003380234
2018-09-22,0,6.398369e-05
2018-09-22,0,0.00021208728
2018-09-23,0,3.517555e-05
2018-09-23,0,3.517555e-05
2018-09-23,0,0.0001229879
2018-09-24,0,0.0001229879
2018-09-24,0,4.1208194e-05
2018-09-24,0,4.6122423e-05
2018-09-25,0,6.044585e-05
2018-09-25,0,7.011526e-05
2018-09-25,0,7.0309165e-05
2018-09-26,0,6.324723e-05
2018-09-26,0,0.0003288143
2018-09-26,0,5.2124862e-05
2018-09-27,0,5.2124862e-05
2018-09-27,0,7.932443e-05
2018-09-27,0,8.542662e-05
2018-09-28,0,9.9365796e-05
2018-09-28,0,0.0006266626
2018-09-28,0,8.197473e-05
2018-09-29,0,0.00010739687
2018-09-29,0,9.3664494e-05
2018-09-29,0,0.0001039521
2018-09-30,0,5.9999453e-05
2018-09-30,0,7.931536e-05
2018-09-30,0,6.583595e-05
2018-10-01,0,7.6578726e-05
2018-10-01,0,0.00017025298
2018-10-01,0,0.00013749866
2018-10-02,0,0.00020263347
2018-10-02,0,0.00015906956
2018-10-02,0,0.00018675816
2018-10-03,0,0.00012309232
2018-10-03,0,0.00012431933
2018-10-03,0,0.00012431933
2018-10-04,0,0.00012431933
2018-10-04,0,0.00013605424
2018-10-04,0,0.00010717558
2018-10-05,0,0.00012431933
2018-10-05,0,0.00010717558
2018-10-05,0,0.00013512168
2018-10-06,0,0.00010814367
2018-10-06,0,0.00013512168
2018-10-06,0,0.00014557524
2018-10-07,0,0.00015303747
2018-10-07,0,0.0003460033
2018-10-07,0,4.8587277e-05
2018-10-08,0,4.8587277e-05
2018-10-08,0,4.8587277e-05
2018-10-08,0,0.00012956002
2018-10-09,0,0.00012085886
2018-10-09,0,0.00012085886
2018-10-09,0,0.00012956002
2018-10-10,0,0.00014675026
2018-10-10,0,0.00014675026
2018-10-10,0,0.00015952434
2018-10-11,0,0.00018475972
2018-10-11,0,0.00018475972
2018-10-11,0,0.0001704115
2018-10-12,0,0.00018649639
2018-10-12,0,0.0001704115
2018-10-12,0,0.00015896707
2018-10-13,0,0.00017951443
2018-10-13,0,0.0002036721
2018-10-13,0,0.00018475972
2018-10-14,0,0.00010623155
2018-10-14,0,0.00011387975
2018-10-14,0,0.00016077622
2018-10-15,0,0.00011387975
2018-10-15,0,0.0001388163
2018-10-15,0,0.00015675949
2018-10-16,0,0.0001388163
2018-10-16,0,0.00015675949
2018-10-16,0,0.00015675949
2018-10-17,0,7.026472e-05
2018-10-17,0,7.026472e-05
2018-10-17,0,0.00018735707
2018-10-18,0,0.00018735707
2018-10-18,0,0.00018142466
2018-10-18,0,0.00016172644
2018-10-19,0,0.00016172644
2018-10-19,0,0.00014863156
2018-10-19,0,6.302068e-05
2018-10-20,0,5.7917583e-05
2018-10-20,0,5.981168e-05
2018-10-20,0,0.00013826304
2018-10-21,0,0.00013826304
2018-10-21,0,0.00012489322
2018-10-21,0,0.00012019823
2018-10-22,0,0.00012885197
2018-10-22,0,0.00014987584
2018-10-22,0,0.00012885197
2018-10-23,0,0.00016997156
2018-10-23,0,0.00016997156
2018-10-23,0,0.00012885197
2018-10-24,0,0.00019873051
2018-10-24,0,0.00016997156
2018-10-24,0,0.00012885197
2018-10-25,0,0.00015065458
2018-10-25,0,0.00014454668
2018-10-25,0,0.00013483904
2018-10-26,0,0.00013483904
2018-10-26,0,0.00011281727
2018-10-26,0,0.00011281727
2018-10-27,0,6.221011e-05
2018-10-27,0,0.00038729887
2018-10-27,0,6.793849e-05
2018-10-28,0,0.00012320504
2018-10-28,0,0.00012723399
2018-10-28,0,0.00012723399
2018-10-29,0,0.00012723399
2018-10-29,0,0.00014481721
2018-10-29,0,0.00012723399
2018-10-30,0,0.00015679059
2018-10-30,0,0.00015679059
2018-10-30,0,9.8956734e-05
2018-10-31,0,9.8956734e-05
2018-10-31,0,9.8956734e-05
2018-10-31,0,0.00010661282
2018-11-01,0,0.00010661282
2018-11-01,0,0.000110855624
2018-11-01,0,0.000110855624
2018-11-02,0,0.000110855624
2018-11-02,0,8.02145e-05
2018-11-02,0,0.000104090876
2018-11-03,0,7.482703e-05
2018-11-03,0,7.482703e-05
2018-11-03,0,9.4295494e-05
2018-11-04,0,7.940534e-05
2018-11-04,0,7.5987904e-05
2018-11-04,0,8.800953e-05
2018-11-05,0,9.434604e-05
2018-11-05,0,9.434604e-05
2018-11-05,0,9.693166e-05
2018-11-06,0,9.434604e-05
2018-11-06,0,9.434604e-05
2018-11-06,0,9.3287716e-05
2018-11-07,0,8.599032e-05
2018-11-07,0,9.73602e-05
2018-11-07,0,9.079927e-05
2018-11-08,0,0.00010277603
2018-11-08,0,6.028214e-05
2018-11-08,0,9.370014e-05
2018-11-09,0,5.5823028e-05
2018-11-09,0,4.4294797e-05
2018-11-09,0,0.0002670583
2018-11-10,0,6.233244e-05
2018-11-10,0,0.00037577536
2018-11-10,0,0.00013906392
2018-11-11,0,0.00012749132
2018-11-11,0,7.3425974e-05
2018-11-11,0,4.4868822e-05
2018-11-12,0,5.1475927e-05
2018-11-12,0,0.00031034322
2018-11-12,0,4.6098547e-05
2018-11-13,0,0.000104223465
2018-11-13,0,0.00016241954
2018-11-13,0,4.4868822e-05
2018-11-14,0,0.0002705181
2018-11-14,0,0.00011971131
2018-11-14,0,0.00011851337
2018-11-15,0,0.00010330268
2018-11-15,0,0.00010330268
2018-11-15,0,0.00010330268
2018-11-16,0,0.00015459774
2018-11-16,0,5.3283e-05
2018-11-16,0,8.528467e-05
2018-11-17,0,0.00012923231
2018-11-17,0,0.00013544585
2018-11-17,0,0.00030196382
2018-11-18,0,4.667627e-05
2018-11-18,0,4.4572294e-05
2018-11-18,0,0.00014440011
2018-11-19,0,0.00016284102
2018-11-19,0,0.0001754273
2018-11-19,0,0.00040125664
2018-11-20,0,0.00017748128
2018-11-20,0,0.00012011826
2018-11-20,0,0.00010671728
2018-11-21,0,0.000106670675
2018-11-21,0,0.00017808867
2018-11-21,0,0.00017663866
2018-11-22,0,0.00012397331
2018-11-22,0,0.00015248804
2018-11-22,0,0.000121006575
2018-11-23,0,0.000121006575
2018-11-23,0,0.000121006575
2018-11-23,0,0.000121006575
2018-11-24,0,0.00018734993
2018-11-24,0,0.0001596345
2018-11-24,0,0.00016904011
2018-11-25,0,0.00017534653
2018-11-25,0,0.00018734993
2018-11-25,0,0.00018734993
2018-11-26,0,0.0001888178
2018-11-26,0,0.0001888178
2018-11-26,0,0.0001888178
2018-11-27,0,0.0001888178
2018-11-27,0,0.0001888178
2018-11-27,0,0.0001888178
2018-11-28,0,0.0001888178
2018-11-28,0,0.00015798169
2018-11-28,0,0.00015798169
2018-11-29,0,0.00015798169
2018-11-29,0,0.00015798169
2018-11-29,0,0.00015798169
2018-11-30,0,0.00011741889
2018-11-30,0,0.00012776394
2018-11-30,0,0.00017190003
2018-12-01,0,0.00014671039
2018-12-01,0,0.00016769831
2018-12-01,0,0.00012472399
2018-12-02,0,0.0001690277
2018-12-02,0,0.00017383778
2018-12-02,0,0.00016705657
2018-12-03,0,0.00017383778
2018-12-03,0,0.00017849258
2018-12-03,0,0.00018907002
2018-12-04,0,0.00012500773
2018-12-04,0,0.0001460793
2018-12-04,0,0.00012500773
2018-12-05,0,0.00018796528
2018-12-05,0,0.000227125
2018-12-05,0,0.00020753671
2018-12-06,0,0.00014046967
2018-12-06,0,0.00012970329
2018-12-06,0,9.7431155e-05
2018-12-07,0,0.00010662827
2018-12-07,0,0.00013121984
2018-12-07,0,0.00013121984
2018-12-08,0,0.00017595802
2018-12-08,0,0.00018168277
2018-12-08,0,0.000113813956
2018-12-09,0,0.000113813956
2018-12-09,0,0.00017479116
2018-12-09,0,0.00014949603
2018-12-10,0,0.00013576381
2018-12-10,0,0.00013679665
2018-12-10,0,0.00013679665
2018-12-11,0,0.00015867782
2018-12-11,0,0.00014488683
2018-12-11,0,0.00014488683
2018-12-12,0,0.00012783644
2018-12-12,0,0.00035754812
2018-12-12,0,0.00014488683
2018-12-13,0,0.00014488683
2018-12-13,0,0.00013239007
2018-12-13,0,0.0001533337
2018-12-14,0,0.00016792856
2018-12-14,0,0.00016792856
2018-12-14,0,0.00011304547
2018-12-15,0,0.00019144318
2018-12-15,0,0.00019144318
2018-12-15,0,0.00022172651
2018-12-16,0,0.00022172651
2018-12-16,0,0.00022172651
2018-12-16,0,0.00022172651
2018-12-17,0,0.00022172651
2018-12-17,0,0.00022172651
2018-12-17,0,0.00022172651
2018-12-18,0,0.00016245857
2018-12-18,0,0.00014721375
2018-12-18,0,0.00014721375
2018-12-19,0,0.00014721375
2018-12-19,0,0.00014615244
2018-12-19,0,0.00018721994
2018-12-20,0,0.00017965469
2018-12-20,0,0.00017965469
2018-12-20,0,0.00024519456
2018-12-21,0,0.00021289222
2018-12-21,0,0.00017358105
2018-12-21,0,0.0001520903
2018-12-22,0,0.0001520903
2018-12-22,0,0.000137546
2018-12-22,0,0.00013198772
2018-12-23,0,0.000122018224
2018-12-23,0,0.00014060261
2018-12-23,0,0.00014060261
2018-12-24,0,0.00015849501
2018-12-24,0,0.00015849501
2018-12-24,0,0.00016402037
2018-12-25,0,0.00016402037
2018-12-25,0,0.00015474994
2018-12-25,0,0.00021277067
2018-12-26,0,0.00021277067
2018-12-26,0,0.00039727578
2018-12-26,0,0.00017551381
2018-12-27,0,0.00018110423
2018-12-27,0,0.00020538627
2018-12-27,0,0.00020581481
2018-12-28,0,0.00020581481
2018-12-28,0,0.00019632767
2018-12-28,0,0.00017078775
2018-12-29,0,0.00017078775
2018-12-29,0,0.00037356888
2018-12-29,0,0.00014810824
2018-12-30,0,0.00012856502
2018-12-30,0,0.00014893331
2018-12-30,0,0.00012608527
2018-12-31,0,0.00014851739
2018-12-31,0,0.00014893331
2018-12-31,0,0.00014893331
2019-01-01,0,0.00011799951
2019-01-01,0,0.00011013671
2019-01-01,0,0.00011013671
2019-01-02,0,0.000117669944
2019-01-02,0,0.00011013671
2019-01-02,0,0.00011013671
2019-01-03,0,0.00011013671
2019-01-03,0,5.6099256e-05
2019-01-03,0,7.681884e-05
2019-01-04,0,0.0001508114
2019-01-04,0,7.681884e-05
2019-01-04,0,0.00015121471
2019-01-05,0,0.00015532605
2019-01-05,0,0.00015532605
2019-01-05,0,0.0001856439
2019-01-06,0,0.0001856439
2019-01-06,0,0.00014073365
2019-01-06,0,0.00014073365
2019-01-07,0,0.00014073365
2019-01-07,0,0.00015412938
2019-01-07,0,9.022152e-05
2019-01-08,0,9.022152e-05
2019-01-08,0,0.00034730128
2019-01-08,0,8.636102e-05
2019-01-09,0,0.00043258612
2019-01-09,0,0.0001230814
2019-01-09,0,0.00010183754
2019-01-10,0,0.00011253148
2019-01-10,0,0.0002206699
2019-01-10,0,0.0002206699
2019-01-11,0,0.00015097758
2019-01-11,0,0.00016449556
2019-01-11,0,0.00016449556
2019-01-12,0,0.00014252587
2019-01-12,0,0.00014252587
2019-01-12,0,0.00018798481
2019-01-13,0,0.00034134093
2019-01-13,0,0.00038411168
2019-01-13,0,6.371566e-05
2019-01-14,0,6.6555505e-05
2019-01-14,0,7.251519e-05
2019-01-14,0,0.00011554744
2019-01-15,0,0.00012069729
2019-01-15,0,0.00013150444
2019-01-15,0,0.000112290196
2019-01-16,0,0.000112290196
2019-01-16,0,6.191939e-05
2019-01-16,0,6.191939e-05
2019-01-17,0,0.00012537159
2019-01-17,0,0.00041619007
2019-01-17,0,0.00041619007
2019-01-18,0,0.00041619007
2019-01-18,0,0.00020558102
2019-01-18,0,0.00041619007
2019-01-19,0,0.00041619007
2019-01-19,0,0.00041564193
2019-01-19,0,0.00043823727
2019-01-20,0,0.00043823727
2019-01-20,0,0.00043823727
2019-01-20,0,0.00010881688
2019-01-21,0,0.00010881688
2019-01-21,0,0.00019896675
2019-01-21,0,0.00019896675
2019-01-22,0,0.0001822232
2019-01-22,0,8.045244e-05
2019-01-22,0,0.00016913831
2019-01-23,0,8.045244e-05
2019-01-23,0,0.000160657
2019-01-23,0,0.000160657
2019-01-24,0,7.093013e-05
2019-01-24,0,9.383364e-05
2019-01-24,0,0.00025030368
2019-01-25,0,0.0009939835
2019-01-25,0,0.0009939835
2019-01-25,0,0.0013493868
2019-01-26,0,0.00081974734
2019-01-26,0,0.0012826016
2019-01-26,0,0.00046579234
2019-01-27,0,0.00021791997
2019-01-27,0,0.00025761806
2019-01-27,0,0.00025761806
2019-01-28,0,0.00025761806
2019-01-28,0,0.0003058034
2019-01-28,0,0.00020199458
2019-01-29,0,0.00031846223
2019-01-29,0,0.00020205989
2019-01-29,0,0.0004719691
2019-01-30,0,0.0004719691
2019-01-30,0,0.0006889379
2019-01-30,0,0.00056043133
2019-01-31,0,0.0006981678
2019-01-31,0,0.0006406726
2019-01-31,0,0.0005627842
2019-02-01,0,0.000690728
2019-02-01,0,0.0004449509
2019-02-01,0,0.000399643
2019-02-02,0,0.000399643
2019-02-02,0,0.0005086045
2019-02-02,0,0.00019198755
2019-02-03,0,0.00023634057
2019-02-03,0,0.00018254526
2019-02-03,0,0.00018504499
2019-02-04,0,6.269687e-05
2019-02-04,0,0.00011525714
2019-02-04,0,0.00011525714
2019-02-05,0,0.00011525714
2019-02-05,0,0.00022089134
2019-02-05,0,9.936295e-05
2019-02-06,0,0.000107050255
2019-02-06,0,0.000107050255
2019-02-06,0,0.0001147575
2019-02-07,0,0.000107050255
2019-02-07,0,0.0001147575
2019-02-07,0,0.0001147575
2019-02-08,0,0.000107050255
2019-02-08,0,0.00010230893
2019-02-08,0,0.00010230893
2019-02-09,0,0.00015309762
2019-02-09,0,0.00015309762
2019-02-09,0,0.00015309762
2019-02-10,0,0.00013221004
2019-02-10,0,0.00015305557
2019-02-10,0,0.000120306024
2019-02-11,0,0.000117703734
2019-02-11,0,0.00011702732
2019-02-11,0,0.00011702732
2019-02-12,0,0.00011356582
2019-02-12,0,0.00012854504
2019-02-12,0,0.00013827716
2019-02-13,0,0.00013010326
2019-02-13,0,0.00014726345
2019-02-13,0,0.0001586459
2019-02-14,0,0.0001586459
2019-02-14,0,0.00014726345
2019-02-14,0,0.00015810285
2019-02-15,0,0.00020222603
2019-02-15,0,0.00020222603
2019-02-15,0,0.00020352243
2019-02-16,0,0.0001258765
2019-02-16,0,0.00010750312
2019-02-16,0,0.00010750312
2019-02-17,0,0.00013030936
2019-02-17,0,0.00011085171
2019-02-17,0,0.00011085171
2019-02-18,0,0.00011085171
2019-02-18,0,0.00014307912
2019-02-18,0,0.00014307912
2019-02-19,0,0.00014307912
2019-02-19,0,0.000113052694
2019-02-19,0,0.000113052694
2019-02-20,0,0.00014460513
2019-02-20,0,8.98879e-05
2019-02-20,0,0.00011708503
2019-02-21,0,0.00010306663
2019-02-21,0,0.00010306663
2019-02-21,0,0.00013391058
2019-02-22,0,0.00010995119
2019-02-22,0,0.00011563903
2019-02-22,0,0.00010995119
2019-02-23,0,9.678684e-05
2019-02-23,0,0.00011731994
2019-02-23,0,0.00016415524
2019-02-24,0,0.00013997054
2019-02-24,0,0.00016966327
2019-02-24,0,0.00015065788
2019-02-25,0,0.00011326321
2019-02-25,0,0.00010804184
2019-02-25,0,7.950315e-05
2019-02-26,0,0.00014159283
2019-02-26,0,4.6885896e-05
2019-02-26,0,6.6239234e-05
2019-02-27,0,0.00015047268
2019-02-27,0,4.6762474e-05
2019-02-27,0,6.606481e-05
2019-02-28,0,0.00016195807
2019-02-28,0,0.00021855962
2019-02-28,0,0.00010843094
2019-03-01,0,0.00010843094
2019-03-01,0,7.107055e-05
2019-03-01,0,5.9462775e-05
2019-03-02,0,0.00017518978
2019-03-02,0,6.207808e-05
2019-03-02,0,0.00011257785
2019-03-03,0,0.00014530701
2019-03-03,0,0.00014530701
2019-03-03,0,0.00014530701
2019-03-04,0,0.00010696607
2019-03-04,0,9.7000644e-05
2019-03-04,0,7.4557225e-05
2019-03-05,0,0.0001740343
2019-03-05,0,6.427528e-05
2019-03-05,0,0.00022641603
2019-03-06,0,7.5803924e-05
2019-03-06,0,8.105934e-05
2019-03-06,0,8.105934e-05
2019-03-07,0,7.1907976e-05
2019-03-07,0,7.1907976e-05
2019-03-07,0,9.7547265e-05
2019-03-08,0,0.00011492844
2019-03-08,0,0.00016257448
2019-03-08,0,0.00016257448
2019-03-09,0,0.00016257448
2019-03-09,0,0.0001984058
2019-03-09,0,0.00018679109
2019-03-10,0,0.00018679109
2019-03-10,0,0.00013992572
2019-03-10,0,0.00010314883
2019-03-11,0,0.00010314883
2019-03-11,0,8.048014e-05
2019-03-11,0,8.048014e-05
2019-03-12,0,9.42518e-05
2019-03-12,0,8.125405e-05
2019-03-12,0,7.8211284e-05
2019-03-13,0,8.125405e-05
2019-03-13,0,9.159473e-05
2019-03-13,0,0.00010624645
2019-03-14,0,0.00010624645
2019-03-14,0,0.00010947434
2019-03-14,0,0.000119808145
2019-03-15,0,0.00010947434
2019-03-15,0,0.00020316684
2019-03-15,0,0.00015883843
2019-03-16,0,0.0001437991
2019-03-16,0,0.00016472128
2019-03-16,0,0.00011863854
2019-03-17,0,0.00021303537
2019-03-17,0,0.00023721445
2019-03-17,0,0.00020255795
2019-03-18,0,0.00020255795
2019-03-18,0,0.00022207032
2019-03-18,0,0.00022207032
2019-03-19,0,0.00025024186
2019-03-19,0,0.0002892728
2019-03-19,0,0.00025024186
2019-03-20,0,0.00025024186
2019-03-20,0,0.00043086894
2019-03-20,0,0.0004200657
2019-03-21,0,0.0003994105
2019-03-21,0,0.00043819385
2019-03-21,0,0.00043819385
2019-03-22,0,0.00043819385
2019-03-22,0,0.00059192075
2019-03-22,0,0.0005628198
2019-03-23,0,0.00029591058
2019-03-23,0,0.00029591058
2019-03-23,0,0.00029591058
2019-03-24,0,0.00029591058
2019-03-24,0,0.0002869854
2019-03-24,0,0.0002827923
2019-03-25,0,0.0002827923
2019-03-25,0,0.00026888502
2019-03-25,0,0.00026158232
2019-03-26,0,0.00029158682
2019-03-26,0,0.00023983842
2019-03-26,0,0.0002522437
2019-03-27,0,0.00021692326
2019-03-27,0,0.00021692326
2019-03-27,0,0.00017307664
2019-03-28,0,0.00025129793
2019-03-28,0,0.0001925937
2019-03-28,0,0.0001925937
2019-03-29,0,0.00016455518
2019-03-29,0,0.0002330174
2019-03-29,0,0.00044670035
2019-03-30,0,0.00015723314
2019-03-30,0,0.00031428962
2019-03-30,0,0.00060245575
2019-03-31,0,8.260934e-05
2019-03-31,0,0.00013381767
2019-03-31,0,8.260934e-05
2019-04-01,0,6.816224e-05
2019-04-01,0,5.4388962e-05
2019-04-01,0,0.00010546658
2019-04-02,0,0.00010885683
2019-04-02,0,0.00023143076
2019-04-02,0,0.000116934505
2019-04-03,0,0.00012713017
2019-04-03,0,0.00027312574
2019-04-03,0,0.0003412321
2019-04-04,0,0.0003412321
2019-04-04,0,0.00016033012
2019-04-04,0,0.00012596487
2019-04-05,0,0.00012596487
2019-04-05,0,0.0001187737
2019-04-05,0,0.0001187737
2019-04-06,0,8.9349254e-05
2019-04-06,0,0.00012440495
2019-04-06,0,0.00012440495
2019-04-07,0,0.00012440495
2019-04-07,0,9.045584e-05
2019-04-07,0,0.00011403231
2019-04-08,0,0.00011403231
2019-04-08,0,0.00011156263
2019-04-08,0,0.00012363425
2019-04-09,0,0.00011156263
2019-04-09,0,0.00012657943
2019-04-09,0,0.00010289812
2019-04-10,0,0.00010725349
2019-04-10,0,9.4529205e-05
2019-04-10,0,0.00011146405
2019-04-11,0,0.00021882005
2019-04-11,0,0.00021882005
2019-04-11,0,0.00021882005
2019-04-12,0,0.00023013845
2019-04-12,0,0.00023013845
2019-04-12,0,0.00023013845
2019-04-13,0,0.00023013845
2019-04-13,0,0.00023013845
2019-04-13,0,0.00023013845
2019-04-14,0,0.00020283838
2019-04-14,0,0.00011280179
2019-04-14,0,0.00035081513
2019-04-15,0,0.00024600007
2019-04-15,0,0.00035800482
2019-04-15,0,0.00027818608
2019-04-16,0,0.00027818608
2019-04-16,0,0.00027818608
2019-04-16,0,0.00032742662
2019-04-17,0,0.00032742662
2019-04-17,0,0.00027959398
2019-04-17,0,0.00027959398
2019-04-18,0,0.00027959398
2019-04-18,0,0.00027959398
2019-04-18,0,0.00027959398
2019-04-19,0,0.00021405442
2019-04-19,0,0.00021405442
2019-04-19,0,0.00021405442
2019-04-20,0,0.00021405442
2019-04-20,0,0.00021377255
2019-04-20,0,0.00024129168
2019-04-21,0,0.00030914164
2019-04-21,0,0.00021405442
2019-04-21,0,0.00014304706
2019-04-22,0,0.00027424726
2019-04-22,0,0.00010903646
2019-04-22,0,0.00014304706
2019-04-23,0,0.00014304706
2019-04-23,0,0.00010903646
2019-04-23,0,0.00017886194
2019-04-24,0,0.00017886194
2019-04-24,0,0.00012030833
2019-04-24,0,0.00012030833
2019-04-25,0,0.00016744026
2019-04-25,0,0.00010176182
2019-04-25,0,0.00010176182
2019-04-26,0,0.00010702606
2019-04-26,0,0.00014736754
2019-04-26,0,0.00013746312
2019-04-27,0,0.00013746312
2019-04-27,0,0.00013746312
2019-04-27,0,0.00010686117
2019-04-28,0,7.8039186e-05
2019-04-28,0,7.8039186e-05
2019-04-28,0,7.8039186e-05
2019-04-29,0,7.8039186e-05
2019-04-29,0,7.8039186e-05
2019-04-29,0,7.8039186e-05
2019-04-30,0,7.8039186e-05
2019-04-30,0,0.0001187095
2019-04-30,0,0.0001187095
2019-05-01,0,0.0001187095
2019-05-01,0,0.0001418811
2019-05-01,0,0.0001418811
2019-05-02,0,0.0001418811
2019-05-02,0,0.0001418811
2019-05-02,0,0.0001418811
2019-05-03,0,0.0001418811
2019-05-03,0,0.0001418811
2019-05-03,0,0.0001418811
2019-05-04,0,0.00015997187
2019-05-04,0,0.00015527348
2019-05-04,0,0.00015527348
2019-05-05,0,0.00014811572
2019-05-05,0,0.00014811572
2019-05-05,0,0.00014811572
2019-05-06,0,7.002779e-05
2019-05-06,0,7.8926496e-05
2019-05-06,0,0.00018412643
2019-05-07,0,0.00018412643
2019-05-07,0,0.00018412643
2019-05-07,0,0.00018412643
2019-05-08,0,0.00018412643
2019-05-08,0,0.00021879855
2019-05-08,0,0.00021879855
2019-05-09,0,0.00025974278
2019-05-09,0,0.00020335018
2019-05-09,0,0.00027844027
2019-05-10,0,0.00020335018
2019-05-10,0,0.00020335018
2019-05-10,0,0.00020335018
2019-05-11,0,0.00014582684
2019-05-11,0,0.00014582684
2019-05-11,0,0.00014582684
2019-05-12,0,0.00013171465
2019-05-12,0,0.00013171465
2019-05-12,0,0.00014968174
2019-05-13,0,0.00016308374
2019-05-13,0,0.00012728579
2019-05-13,0,0.00016308374
2019-05-14,0,0.00015213135
2019-05-14,0,0.00024893568
2019-05-14,0,0.00024893568
2019-05-15,0,0.00024893568
2019-05-15,0,0.00020828367
2019-05-15,0,0.00024893568
2019-05-16,0,0.00024893568
2019-05-16,0,0.0001516531
2019-05-16,0,0.00018125401
2019-05-17,0,0.00016635907
2019-05-17,0,0.0003189341
2019-05-17,0,0.00014963238
2019-05-18,0,0.00014963238
2019-05-18,0,0.00012519489
2019-05-18,0,0.00011903709
2019-05-19,0,0.0003028755
2019-05-19,0,0.00019858466
2019-05-19,0,0.00015798169
2019-05-20,0,0.00019858466
2019-05-20,0,0.00035589415
2019-05-20,0,0.00035589415
2019-05-21,0,0.00014082815
2019-05-21,0,0.000114443865
2019-05-21,0,0.00010892755
2019-05-22,0,9.953213e-05
2019-05-22,0,0.00010892755
2019-05-22,0,0.000114443865
2019-05-23,0,0.0001037394
2019-05-23,0,0.0003843529
2019-05-23,0,9.479134e-05
2019-05-24,0,0.00010097219
2019-05-24,0,7.719402e-05
2019-05-24,0,0.0001440074
2019-05-25,0,0.00036545304
2019-05-25,0,0.00010097219
2019-05-25,0,0.00035907075
2019-05-26,0,0.00015582626
2019-05-26,0,0.00012809977
2019-05-26,0,0.00025273339
2019-05-27,0,0.00025273339
2019-05-27,0,0.00011949655
2019-05-27,0,0.00025273339
2019-05-28,0,0.00025273339
2019-05-28,0,0.00025273339
2019-05-28,0,0.0002572261
2019-05-29,0,0.00023009258
2019-05-29,0,0.00023009258
2019-05-29,0,0.00023039598
2019-05-30,0,0.00023039598
2019-05-30,0,0.00019407691
2019-05-30,0,0.00019407691
2019-05-31,0,0.00015963892
2019-05-31,0,0.00015963892
2019-05-31,0,0.00017812841
2019-06-01,0,0.00017812841
2019-06-01,0,0.00017812841
2019-06-01,0,0.00017812841
2019-06-02,0,0.00017812841
2019-06-02,0,0.000112227994
2019-06-02,0,0.00011962276
2019-06-03,0,0.00010930483
2019-06-03,0,0.00013823656
2019-06-03,0,0.00014205344
2019-06-04,0,0.00014511289
2019-06-04,0,0.00011165916
2019-06-04,0,0.00011165916
2019-06-05,0,0.00013259676
2019-06-05,0,0.00013259676
2019-06-05,0,0.00012450534
2019-06-06,0,0.00010341109
2019-06-06,0,0.00012980103
2019-06-06,0,0.00012605221
2019-06-07,0,0.00011438658
2019-06-07,0,0.000115875904
2019-06-07,0,0.000115875904
2019-06-08,0,0.000115875904
2019-06-08,0,0.000115875904
2019-06-08,0,0.000115875904
2019-06-09,0,0.00010281171
2019-06-09,0,0.00010281171
2019-06-09,0,0.00012130129
2019-06-10,0,0.000115875904
2019-06-10,0,0.00016438785
2019-06-10,0,0.00016438785
2019-06-11,0,0.00018279854
2019-06-11,0,0.00016588197
2019-06-11,0,0.00010242148
2019-06-12,0,0.00028275535
2019-06-12,0,0.0001498017
2019-06-12,0,0.0001498017
2019-06-13,0,0.0001498017
2019-06-13,0,0.00015437811
2019-06-13,0,0.0001498017
2019-06-14,0,0.00016299933
2019-06-14,0,0.00013912944
2019-06-14,0,0.00013000157
2019-06-15,0,0.00013000157
2019-06-15,0,0.00013000157
2019-06-15,0,0.00013000157
2019-06-16,0,0.00013000157
2019-06-16,0,0.00015773694
2019-06-16,0,0.00016833705
2019-06-17,0,0.00019546621
2019-06-17,0,0.00013873796
2019-06-17,0,0.00019546621
2019-06-18,0,0.00016354468
2019-06-18,0,0.00018951167
2019-06-18,0,0.00024647595
2019-06-19,0,0.0002212617
2019-06-19,0,0.00030427892
2019-06-19,0,0.00030427892
2019-06-20,0,0.00028508328
2019-06-20,0,0.00017812841
2019-06-20,0,0.00017812841
2019-06-21,0,0.00022991035
2019-06-21,0,0.00022991035
2019-06-21,0,0.00022991035
2019-06-22,0,0.00022991035
2019-06-22,0,0.00018857275
2019-06-22,0,0.00018857275
2019-06-23,0,0.00017693196
2019-06-23,0,0.0001182375
2019-06-23,0,0.00027808794
2019-06-24,0,0.00021705276
2019-06-24,0,0.00027808794
2019-06-24,0,0.0001505288
2019-06-25,0,0.0001480615
2019-06-25,0,0.0002273347
2019-06-25,0,0.0002582508
2019-06-26,0,0.00017860324
2019-06-26,0,0.00014896429
2019-06-26,0,0.00014896429
2019-06-27,0,0.00014896429
2019-06-27,0,0.00010942299
2019-06-27,0,0.0001097688
2019-06-28,0,0.00014265205
2019-06-28,0,0.00011935454
2019-06-28,0,0.00011286581
2019-06-29,0,0.00025994866
2019-06-29,0,0.000135588
2019-06-29,0,0.00021607793
2019-06-30,0,0.00024862113
2019-06-30,0,0.00019405193
2019-06-30,0,0.00022076773
2019-07-01,0,0.00015286598
2019-07-01,0,0.00015286598
2019-07-01,0,0.00014483849
2019-07-02,0,0.00014483849
2019-07-02,0,0.00024813923
2019-07-02,0,9.164821e-05
2019-07-03,0,8.7882225e-05
2019-07-03,0,8.7882225e-05
2019-07-03,0,0.00015997872
2019-07-04,0,7.5672986e-05
2019-07-04,0,7.5672986e-05
2019-07-04,0,0.00018704722
2019-07-05,0,0.00015997872
2019-07-05,0,0.00024142147
2019-07-05,0,0.00021659608
2019-07-06,0,0.00021659608
2019-07-06,0,0.0005002448
2019-07-06,0,0.00014445423
2019-07-07,0,9.323551e-05
2019-07-07,0,6.098012e-05
2019-07-07,0,9.381243e-05
2019-07-08,0,0.000102900376
2019-07-08,0,0.00013109753
2019-07-08,0,0.00013671514
2019-07-09,0,9.565789e-05
2019-07-09,0,0.00011185343
2019-07-09,0,0.00014754893
2019-07-10,0,0.00013010412
2019-07-10,0,0.00011185343
2019-07-10,0,0.00011185343
2019-07-11,0,0.00013078014
2019-07-11,0,0.00013466955
2019-07-11,0,0.00013078014
2019-07-12,0,0.00014342129
2019-07-12,0,0.00015006762
2019-07-12,0,0.00012555905
2019-07-13,0,0.00012814143
2019-07-13,0,9.628349e-05
2019-07-13,0,0.00015675875
2019-07-14,0,5.3722346e-05
2019-07-14,0,8.375857e-05
2019-07-14,0,8.166054e-05
2019-07-15,0,8.919023e-05
2019-07-15,0,7.993167e-05
2019-07-15,0,7.993167e-05
2019-07-16,0,5.258333e-05
2019-07-16,0,6.023979e-05
2019-07-16,0,0.00040521516
2019-07-17,0,0.00036316292
2019-07-17,0,0.00017942152
2019-07-17,0,0.0001527698
2019-07-18,0,0.00015329453
2019-07-18,0,0.00023887333
2019-07-18,0,0.00017771784
2019-07-19,0,0.00016932854
2019-07-19,0,0.00019856231
2019-07-19,0,0.00021052564
2019-07-20,0,9.684297e-05
2019-07-20,0,0.00011177176
2019-07-20,0,0.00011177176
2019-07-21,0,0.00010425717
2019-07-21,0,0.000118160184
2019-07-21,0,0.000118160184
2019-07-22,0,0.00012673873
2019-07-22,0,9.237743e-05
2019-07-22,0,0.000118160184
2019-07-23,0,0.00012940753
2019-07-23,0,9.7480035e-05
2019-07-23,0,9.092621e-05
2019-07-24,0,0.00011021614
2019-07-24,0,0.00010425717
2019-07-24,0,9.092621e-05
2019-07-25,0,9.092621e-05
2019-07-25,0,0.00010099685
2019-07-25,0,9.616475e-05
2019-07-26,0,9.616475e-05
2019-07-26,0,0.000104775514
2019-07-26,0,0.00017888549
2019-07-27,0,8.5146115e-05
2019-07-27,0,9.7629716e-05
2019-07-27,0,9.7629716e-05
2019-07-28,0,9.7629716e-05
2019-07-28,0,0.00010698137
2019-07-28,0,0.00014465713
2019-07-29,0,0.00013201252
2019-07-29,0,0.00013201252
2019-07-29,0,0.000114380586
2019-07-30,0,0.00012517747
2019-07-30,0,0.000112416405
2019-07-30,0,0.00010690193
2019-07-31,0,0.00010216717
2019-07-31,0,0.00011376492
2019-07-31,0,0.00010216717
2019-08-01,0,9.335472e-05
2019-08-01,0,0.000108769775
2019-08-01,0,0.000108769775
2019-08-02,0,9.335472e-05
2019-08-02,0,9.335472e-05
2019-08-02,0,9.335472e-05
2019-08-03,0,9.335472e-05
2019-08-03,0,0.0001039523
2019-08-03,0,0.000108769775
2019-08-04,0,0.000108769775
2019-08-04,0,0.000108769775
2019-08-04,0,0.000108769775
2019-08-05,0,0.000108769775
2019-08-05,0,0.000108769775
2019-08-05,0,0.0001535621
2019-08-06,0,8.519095e-05
2019-08-06,0,8.053756e-05
2019-08-06,0,0.00014026034
2019-08-07,0,0.00010366611
2019-08-07,0,7.6321674e-05
2019-08-07,0,0.00013259916
2019-08-08,0,9.762376e-05
2019-08-08,0,9.762376e-05
2019-08-08,0,0.0001539198
2019-08-09,0,0.0001539198
2019-08-09,0,9.348799e-05
2019-08-09,0,0.000107194486
2019-08-10,0,0.00017705129
2019-08-10,0,0.00013818858
2019-08-10,0,0.00013818858
2019-08-11,0,0.00021071541
2019-08-11,0,0.00022845635
2019-08-11,0,0.00019725405
2019-08-12,0,0.00019725405
2019-08-12,0,0.00019725405
2019-08-12,0,0.00016870374
2019-08-13,0,0.00014405505
2019-08-13,0,0.00014405505
2019-08-13,0,0.00016684373
2019-08-14,0,0.00018178206
2019-08-14,0,0.000109954126
2019-08-14,0,0.00015056167
2019-08-15,0,0.00017994957
2019-08-15,0,0.00019625992
2019-08-15,0,0.00024410244
2019-08-16,0,0.00021289404
2019-08-16,0,0.00019229276
2019-08-16,0,0.00027296017
2019-08-17,0,0.00027296017
2019-08-17,0,0.00021340701
2019-08-17,0,0.00021340701
2019-08-18,0,0.0002012247
2019-08-18,0,0.00013433404
2019-08-18,0,0.000116463794
2019-08-19,0,0.00011302983
2019-08-19,0,0.00011302983
2019-08-19,0,0.00011302983
2019-08-20,0,0.000110041074
2019-08-20,0,0.00012404485
2019-08-20,0,0.00012404485
2019-08-21,0,0.00011689348
2019-08-21,0,0.00010651344
2019-08-21,0,0.00014612917
2019-08-22,0,0.00014612917
2019-08-22,0,0.00014612917
2019-08-22,0,0.00016174479
2019-08-23,0,0.00014173886
2019-08-23,0,0.00015555149
2019-08-23,0,0.00016732582
2019-08-24,0,0.00014643297
2019-08-24,0,0.00014647709
2019-08-24,0,0.00022383299
2019-08-25,0,0.000103296086
2019-08-25,0,0.00014362561
2019-08-25,0,0.00016590189
2019-08-26,0,0.00017097562
2019-08-26,0,0.00017097562
2019-08-26,0,0.00018726564
2019-08-27,0,0.0001618926
2019-08-27,0,0.00014792942
2019-08-27,0,0.00016903543
2019-08-28,0,9.1407834e-05
2019-08-28,0,0.0001299489
2019-08-28,0,0.0001221344
2019-08-29,0,0.0001221344
2019-08-29,0,0.0001221344
2019-08-29,0,0.0001221344
2019-08-30,0,0.00014303287
2019-08-30,0,0.00017095165
2019-08-30,0,0.00018601264
2019-08-31,0,0.00018601264
2019-08-31,0,0.0001371242
2019-08-31,0,0.0001225191
2019-09-01,0,0.00013331357
2019-09-01,0,0.00011429457
2019-09-01,0,0.0001323758
2019-09-02,0,0.00012621892
2019-09-02,0,0.00013040296
2019-09-02,0,0.00011372923
2019-09-03,0,0.00013040296
2019-09-03,0,7.190771e-05
2019-09-03,0,0.0001978072
2019-09-04,0,0.00017251645
2019-09-04,0,0.00017251645
2019-09-04,0,0.000115286595
2019-09-05,0,0.000115286595
2019-09-05,0,0.00022103122
2019-09-05,0,0.00017251645
2019-09-06,0,0.0001817916
2019-09-06,0,0.0001817916
2019-09-06,0,0.00017069886
2019-09-07,0,0.00018573739
2019-09-07,0,0.00016557098
2019-09-07,0,0.00015129057
2019-09-08,0,0.00015719986
2019-09-08,0,0.0001499586
2019-09-08,0,0.00017203794
2019-09-09,0,0.00016557098
2019-09-09,0,0.00016557098
2019-09-09,0,0.00013904071
2019-09-10,0,0.00017807611
2019-09-10,0,0.00015597626
2019-09-10,0,0.00016611241
2019-09-11,0,0.00016611241
2019-09-11,0,0.00016611241
2019-09-11,0,0.00016611241
2019-09-12,0,0.00016611241
2019-09-12,0,0.00016611241
2019-09-12,0,0.00021274673
2019-09-13,0,0.00021274673
2019-09-13,0,6.0384722e-05
2019-09-13,0,0.00010950712
2019-09-14,0,0.00010950712
2019-09-14,0,0.00010950712
2019-09-14,0,6.0384722e-05
2019-09-15,0,0.00012256525
2019-09-15,0,0.00012256525
2019-09-15,0,0.00011176216
2019-09-16,0,0.00012256525
2019-09-16,0,0.00012957065
2019-09-16,0,6.450781e-05
2019-09-17,0,6.450781e-05
2019-09-17,0,0.00016640364
2019-09-17,0,0.0002882421
2019-09-18,0,0.00014722146
2019-09-18,0,0.00014722146
2019-09-18,0,0.00014722146
2019-09-19,0,0.00018855352
2019-09-19,0,7.4990254e-05
2019-09-19,0,7.4990254e-05
2019-09-20,0,0.0001883088
2019-09-20,0,9.5920775e-05
2019-09-20,0,7.913254e-05
2019-09-21,0,9.073453e-05
2019-09-21,0,9.073453e-05
2019-09-21,0,9.727455e-05
2019-09-22,0,9.727455e-05
2019-09-22,0,9.064901e-05
2019-09-22,0,9.064901e-05
2019-09-23,0,9.064901e-05
2019-09-23,0,8.6634034e-05
2019-09-23,0,9.84176e-05
2019-09-24,0,9.605513e-05
2019-09-24,0,9.84176e-05
2019-09-24,0,9.139363e-05
2019-09-25,0,9.562916e-05
2019-09-25,0,0.00011950874
2019-09-25,0,0.00014945571
2019-09-26,0,0.00018334718
2019-09-26,0,0.00019190556
2019-09-26,0,0.00020079825
2019-09-27,0,0.00017535439
2019-09-27,0,0.00017535439
2019-09-27,0,0.00018348025
2019-09-28,0,0.00015338065
2019-09-28,0,0.00016356574
2019-09-28,0,0.00015338065
2019-09-29,0,0.00015338065
2019-09-29,0,0.00015338065
2019-09-29,0,0.00015338065
2019-09-30,0,0.00015338065
2019-09-30,0,0.00014004998
2019-09-30,0,0.00014934999
2019-10-01,0,0.00014729462
2019-10-01,0,0.00014004998
2019-10-01,0,0.00014004998
2019-10-02,0,0.00014004998
2019-10-02,0,0.00014004998
2019-10-02,0,0.00014004998
2019-10-03,0,0.00014004998
2019-10-03,0,0.00014004998
2019-10-03,0,0.00014004998
2019-10-04,0,0.00014004998
2019-10-04,0,0.00010049077
2019-10-04,0,0.00010049077
2019-10-05,0,0.00010049077
2019-10-05,0,0.00013763193
2019-10-05,0,0.00013763193
2019-10-06,0,0.000272076
2019-10-06,0,0.000272076
2019-10-06,0,0.000272076
2019-10-07,0,0.00010049077
2019-10-07,0,0.00010049077
2019-10-07,0,0.00010049077
2019-10-08,0,0.00023637818
2019-10-08,0,7.685079e-05
2019-10-08,0,0.00022502424
2019-10-09,0,9.2020215e-05
2019-10-09,0,7.071793e-05
2019-10-09,0,8.26913e-05
2019-10-10,0,7.071793e-05
2019-10-10,0,7.071793e-05
2019-10-10,0,7.071793e-05
2019-10-11,0,7.580957e-05
2019-10-11,0,7.24518e-05
2019-10-11,0,0.00010924273
2019-10-12,0,0.00011351309
2019-10-12,0,0.00017325695
2019-10-12,0,8.857718e-05
2019-10-13,0,7.45664e-05
2019-10-13,0,8.039047e-05
2019-10-13,0,0.00012845694
2019-10-14,0,0.00013579903
2019-10-14,0,0.00018221278
2019-10-14,0,0.0002425934
2019-10-15,0,0.00017702562
2019-10-15,0,0.00017702562
2019-10-15,0,0.00020450556
2019-10-16,0,0.00014741096
2019-10-16,0,0.00010577276
2019-10-16,0,0.00015940907
2019-10-17,0,0.00022436418
2019-10-17,0,0.0001530874
2019-10-17,0,0.00019301283
2019-10-18,0,0.00017824325
2019-10-18,0,0.00015089942
2019-10-18,0,0.00016365497
2019-10-19,0,0.00019606353
2019-10-19,0,0.00015328459
2019-10-19,0,0.000138784
2019-10-20,0,8.383527e-05
2019-10-20,0,0.00024859246
2019-10-20,0,9.181563e-05
2019-10-21,0,0.00010051712
2019-10-21,0,0.00010051712
2019-10-21,0,0.00010397679
2019-10-22,0,7.74399e-05
2019-10-22,0,9.774775e-05
2019-10-22,0,8.063985e-05
2019-10-23,0,9.65654e-05
2019-10-23,0,0.00013642266
2019-10-23,0,0.00015588364
2019-10-24,0,0.00015588364
2019-10-24,0,0.00010701076
2019-10-24,0,0.00010701076
2019-10-25,0,0.00012971269
2019-10-25,0,0.00011843882
2019-10-25,0,0.00013454774
2019-10-26,0,0.00011843882
2019-10-26,0,0.000105189356
2019-10-26,0,8.01333e-05
2019-10-27,0,9.850323e-05
2019-10-27,0,0.00010073042
2019-10-27,0,0.00012884435
2019-10-28,0,0.00012884435
2019-10-28,0,0.0003239361
2019-10-28,0,0.00023142216
2019-10-29,0,0.00011773123
2019-10-29,0,0.00010263804
2019-10-29,0,8.5521824e-05
2019-10-30,0,0.0001582247
2019-10-30,0,7.48433e-05
2019-10-30,0,0.0001582247
2019-10-31,0,0.0001582247
2019-10-31,0,0.00020264507
2019-10-31,0,0.00033216382
2019-11-01,0,0.00021914682
2019-11-01,0,0.00034934265
2019-11-01,0,0.0001290353
2019-11-02,0,9.936835e-05
2019-11-02,0,0.00011151572
2019-11-02,0,0.00015541434
2019-11-03,0,0.0002492128
2019-11-03,0,0.00017917671
2019-11-03,0,0.00019993777
2019-11-04,0,0.00031579708
2019-11-04,0,0.00029590548
2019-11-04,0,0.00025318246
2019-11-05,0,0.0003238314
2019-11-05,0,0.00025573294
2019-11-05,0,0.00025573294
2019-11-06,0,0.00025573294
2019-11-06,0,0.000200604
2019-11-06,0,0.00021098039
2019-11-07,0,0.00021098039
2019-11-07,0,0.00020163687
2019-11-07,0,0.00011119164
2019-11-08,0,0.000244408
2019-11-08,0,0.00049676036
2019-11-08,0,0.0001334017
2019-11-09,0,0.0001334017
2019-11-09,0,0.000469912
2019-11-09,0,0.00011181919
2019-11-10,0,0.00011181919
2019-11-10,0,0.00039390853
2019-11-10,0,0.00011181919
2019-11-11,0,0.00011190015
2019-11-11,0,0.00011190015
2019-11-11,0,0.00010217429
2019-11-12,0,0.00035994124
2019-11-12,0,8.170049e-05
2019-11-12,0,0.00011448097
2019-11-13,0,9.6728894e-05
2019-11-13,0,9.6728894e-05
2019-11-13,0,0.000101211655
2019-11-14,0,0.0001172714
2019-11-14,0,0.00021540241
2019-11-14,0,0.00022538369
2019-11-15,0,0.00022538369
2019-11-15,0,0.00022538369
2019-11-15,0,9.7927805e-05
2019-11-16,0,8.193386e-05
2019-11-16,0,8.193386e-05
2019-11-16,0,9.849402e-05
2019-11-17,0,7.687285e-05
2019-11-17,0,8.988824e-05
2019-11-17,0,0.00016661735
2019-11-18,0,0.00017070195
2019-11-18,0,0.00015923817
2019-11-18,0,0.00016747523
2019-11-19,0,0.00016747523
2019-11-19,0,0.00010461059
2019-11-19,0,0.00010461059
2019-11-20,0,0.00014379156
2019-11-20,0,0.00013413474
2019-11-20,0,0.00013413474
2019-11-21,0,0.00014035078
2019-11-21,0,0.00015045505
2019-11-21,0,0.00013413474
2019-11-22,0,0.00013413474
2019-11-22,0,0.00013413474
2019-11-22,0,0.00013413474
2019-11-23,0,0.00015122972
2019-11-23,0,0.00010903802
2019-11-23,0,0.00013807096
2019-11-24,0,0.00011892624
2019-11-24,0,0.00012879816
2019-11-24,0,0.00010171486
2019-11-25,0,0.00010171486
2019-11-25,0,0.00010171486
2019-11-25,0,5.0826493e-05
2019-11-26,0,4.8915685e-05
2019-11-26,0,5.0826493e-05
2019-11-26,0,5.9293696e-05
2019-11-27,0,5.9293696e-05
2019-11-27,0,4.4174867e-05
2019-11-27,0,0.00027947672
2019-11-28,0,0.00014476116
2019-11-28,0,0.00015885236
2019-11-28,0,0.00013698632
2019-11-29,0,0.00022309067
2019-11-29,0,0.00022309067
2019-11-29,0,0.00022309067
2019-11-30,0,0.00018404919
2019-11-30,0,0.00021321094
2019-11-30,0,0.00021321094
2019-12-01,0,0.00021321094
2019-12-01,0,0.00018256756
2019-12-01,0,0.00018256756
2019-12-02,0,0.00018256756
2019-12-02,0,0.00027416568
2019-12-02,0,0.00023563967
2019-12-03,0,0.00022405077
2019-12-03,0,0.00017358833
2019-12-03,0,0.00014320851
2019-12-04,0,0.00018763563
2019-12-04,0,0.0001547979
2019-12-04,0,0.0001547979
2019-12-05,0,0.00015603115
2019-12-05,0,0.00017890544
2019-12-05,0,0.000121409845
2019-12-06,0,0.00018167861
2019-12-06,0,0.00020831206
2019-12-06,0,0.00018167861
2019-12-07,0,0.00013920933
2019-12-07,0,0.00013920933
2019-12-07,0,0.000121409845
2019-12-08,0,0.00013920933
2019-12-08,0,0.000118869444
2019-12-08,0,0.000118869444
2019-12-09,0,0.000118869444
2019-12-09,0,0.00013493576
2019-12-09,0,0.00013493576
2019-12-10,0,0.00011316454
2019-12-10,0,0.00012329732
2019-12-10,0,0.00016078542
2019-12-11,0,0.00016078542
2019-12-11,0,0.00010543057
2019-12-11,0,0.00011487091
2019-12-12,0,0.00010543057
2019-12-12,0,0.00010543057
2019-12-12,0,0.00010543057
2019-12-13,0,0.00010543057
2019-12-13,0,0.00014757214
2019-12-13,0,0.0001234712
2019-12-14,0,0.00010543057
2019-12-14,0,0.00010543057
2019-12-14,0,0.00010543057
2019-12-15,0,0.00010543057
2019-12-15,0,0.00010543057
2019-12-15,0,0.00010543057
2019-12-16,0,0.00010543057
2019-12-16,0,0.00010543057
2019-12-16,0,0.00015325476
2019-12-17,0,0.00010543057
2019-12-17,0,0.00010112907
2019-12-17,0,0.00011318828
2019-12-18,0,0.000106139814
2019-12-18,0,0.000106139814
2019-12-18,0,0.00011318828
2019-12-19,0,0.0001062812
2019-12-19,0,0.00011318828
2019-12-19,0,0.0001062812
2019-12-20,0,0.0001039523
2019-12-20,0,0.000119785414
2019-12-20,0,0.000119785414
2019-12-21,0,0.000108769775
2019-12-21,0,0.00010375553
2019-12-21,0,9.768112e-05
2019-12-22,0,9.768112e-05
2019-12-22,0,9.768112e-05
2019-12-22,0,9.335472e-05
2019-12-23,0,9.768112e-05
2019-12-23,0,0.000108769775
2019-12-23,0,0.0001039523
2019-12-24,0,0.0001039523
2019-12-24,0,0.00015135985
2019-12-24,0,0.000158374
2019-12-25,0,0.000158374
2019-12-25,0,0.00016461748
2019-12-25,0,0.00014783621
2019-12-26,0,0.0001766924
2019-12-26,0,0.0001766924
2019-12-26,0,0.00010471389
2019-12-27,0,0.00013856331
2019-12-27,0,0.00013856331
2019-12-27,0,0.00012925758
2019-12-28,0,0.00012925758
2019-12-28,0,0.00012925758
2019-12-28,0,0.00013857374
2019-12-29,0,0.000141536
2019-12-29,0,0.000141536
2019-12-29,0,0.00014826127
2019-12-30,0,0.00010745741
2019-12-30,0,0.00018421984
2019-12-30,0,0.00022721554
2019-12-31,0,0.00018421984
2019-12-31,0,0.0002555324
2019-12-31,0,0.00022384814
2020-06-01,0,0.00017006315
2020-06-01,0,0.00022510729
2020-06-02,0,0.00012591442
2020-06-02,0,0.00014869166
2020-06-03,0,0.00017413356
2020-06-03,0,0.00014869166
2020-06-04,0,0.00016200486
2020-06-04,0,0.00018245114
2020-06-05,0,0.00018833663
2020-06-05,0,0.00016181883
2020-06-06,0,0.00012488132
2020-06-06,0,0.00012488132
2020-06-07,0,0.00015906744
2020-06-07,0,0.00015805417
2020-06-08,0,0.00013481859
2020-06-08,0,0.0002473739
2020-06-09,0,0.00016615313
2020-06-09,0,0.00016615313
2020-06-10,0,0.00018413064
2020-06-10,0,0.00020186846
2020-06-11,0,0.0002130313
2020-06-11,0,0.00024706416
2020-06-12,0,0.00022294374
2020-06-12,0,0.00018392708
2020-06-13,0,0.00032233138
2020-06-13,0,0.00032233138
2020-06-14,0,0.00044319013
2020-06-14,0,0.0003167445
2020-06-15,0,0.0003850167
2020-06-15,0,0.00034389962
2020-06-16,0,0.00033780662
2020-06-16,0,0.00038656278
2020-06-17,0,0.00041488506
2020-06-17,0,0.00023579811
2020-06-18,0,0.0003389872
2020-06-18,0,0.00048373282
2020-06-19,0,0.0003728573
2020-06-19,0,0.00063652603
2020-06-20,0,0.0007500988
2020-06-20,0,0.0010158293
2020-06-21,0,0.00080398214
2020-06-21,0,0.00062684773
2020-06-22,0,0.0007248264
2020-06-22,0,0.000761615
2020-06-23,0,0.0009499676
2020-06-23,0,0.0009499676
2020-06-24,0,0.00063003897
2020-06-24,0,0.0009499676
2020-06-25,0,0.0009499676
2020-06-25,0,0.0008964037
2020-06-26,0,0.00053227745
2020-06-26,0,0.0008128847
2020-06-27,0,0.00054611143
2020-06-27,0,0.0006695045
2020-06-28,0,0.00069295295
2020-06-28,0,0.00057537924
2020-06-29,0,0.000524151
2020-06-29,0,0.00051588734
2020-06-30,0,0.00052226486
2020-06-30,0,0.00053402106
2020-07-01,0,0.00042186712
2020-07-01,0,0.00054169295
2020-07-02,0,0.0005319983
2020-07-02,0,0.0006221021
2020-07-03,0,0.00061822386
2020-07-03,0,0.0005025218
2020-07-04,0,0.0005407669
2020-07-04,0,0.0005287187
2020-07-05,0,0.000578998
2020-07-05,0,0.0007396953
2020-07-06,0,0.0005420147
2020-07-06,0,0.0012235938
2020-07-07,0,0.0012235938
2020-07-07,0,0.0010052708
2020-07-08,0,0.00094959664
2020-07-08,0,0.0010611124
2020-07-09,0,0.0011784117
2020-07-09,0,0.0012908754
2020-07-10,0,0.0012317314
2020-07-10,0,0.0013946209
2020-07-11,0,0.0015638415
2020-07-11,0,0.0011254626
2020-07-12,0,0.0016057091
2020-07-12,0,0.0013196309
2020-07-13,0,0.0017727576
2020-07-13,0,0.0017727576
2020-07-14,0,0.0024684279
2020-07-14,0,0.0022378094
2020-07-15,0,0.0024880464
2020-07-15,0,0.002007904
2020-07-16,0,0.0006866588
2020-07-16,0,0.0005464189
2020-07-17,0,0.0006109096
2020-07-17,0,0.0010788173
2020-07-18,0,0.0015390511
2020-07-18,0,0.0032102908
2020-07-19,0,0.013201268
2020-07-19,0,0.004946911
2020-07-20,0,0.0033228146
2020-07-20,0,0.00021856067
2020-07-21,0,0.00020505303
2020-07-21,0,0.00025543274
2020-07-22,0,0.00030185387
2020-07-22,0,0.00035196182
2020-07-23,0,0.0003226905
2020-07-23,0,0.00051907473
2020-07-24,0,0.0012383142
2020-07-24,0,0.0008718934
2020-07-25,0,0.0005789715
2020-07-25,0,0.00036596382
2020-07-26,0,0.00029607932
2020-07-26,0,0.0002210049
2020-07-27,0,8.669659e-05
2020-07-27,0,0.000113499664
2020-07-28,0,9.477137e-05
2020-07-28,0,0.000113499664
2020-07-29,0,0.00017663023
2020-07-29,0,0.00018453963
2020-07-30,0,0.00027795965
2020-07-30,0,0.00027434976
2020-07-31,0,0.00027689134
2020-07-31,0,0.00038136664
2020-08-01,0,0.00015315208
2020-08-01,0,0.0002591417
2020-08-02,0,0.00086387695
2020-08-02,0,0.0010067088
2020-08-03,0,0.0007919336
2020-08-03,0,0.0032639229
2020-08-04,0,0.0009699488
2020-08-04,0,0.008036677
2020-08-05,0,0.021095192
2020-08-05,0,0.031496666
2020-08-06,0,0.043849956
2020-08-06,0,0.030154467
2020-08-07,0,0.050040524
2020-08-07,0,0.10218963
2020-08-08,1,0.9864907
2020-08-08,0,0.2046623
2020-08-09,1,0.9816072
2020-08-09,0,0.6350268
2020-08-10,1,0.9714006
2020-08-10,0,0.22415061
2020-08-11,0,0.2526408
2020-08-11,1,0.9715632
2020-08-12,1,0.99017733
2020-08-12,0,0.40474233
2020-08-13,1,0.991744
2020-08-13,0,0.37671033
2020-08-14,1,0.9672789
2020-08-14,0,0.39873657
2020-08-15,0,0.3920792
2020-08-15,1,0.98202825
2020-08-16,1,0.9837878
2020-08-16,0,0.3298924
2020-08-17,1,0.9893028
2020-08-17,0,0.32023287
2020-08-18,1,0.97260916
2020-08-18,0,0.2789263
2020-08-19,1,0.98818797
2020-08-19,0,0.11815538
2020-08-20,0,0.22274181
2020-08-20,1,0.98106146
2020-08-21,0,0.46009892
2020-08-21,1,0.9763657
2020-08-22,0,0.35802418
2020-08-22,1,0.97727126
2020-08-23,0,0.35154238
2020-08-23,1,0.9807401
2020-08-24,0,0.42299902
2020-08-24,1,0.9837764
2020-08-25,0,0.4925209
2020-08-25,1,0.9752138
2020-08-26,1,0.99048424
2020-08-26,0,0.39833608
2020-08-27,1,0.983724
2020-08-27,0,0.47571436
2020-08-28,1,0.9755182
2020-08-28,0,0.5248844
2020-08-29,0,0.35372218
2020-08-29,1,0.9888228
2020-08-30,1,0.98715764
2020-08-30,0,0.26815638
2020-08-31,1,0.9765048
2020-08-31,0,0.22249994
2020-09-01,0,0.1992181
2020-09-01,0,0.3828345
2020-09-01,1,0.97199845
2020-09-02,1,0.9735694
2020-09-02,0,0.3603116
2020-09-02,0,0.19263753
2020-09-03,0,0.06299039
2020-09-03,0,0.26045957
2020-09-03,1,0.9755248
2020-09-04,0,0.25514257
2020-09-04,0,0.28293204
2020-09-04,1,0.97735184
2020-09-05,1,0.9811628
2020-09-05,0,0.045142025
2020-09-05,0,0.2657962
2020-09-06,0,0.28182906
2020-09-06,0,0.27283466
2020-09-06,1,0.958319
2020-09-07,0,0.26256293
2020-09-07,0,0.011530089
2020-09-08,0,0.005173505
2020-09-08,0,0.006431456
2020-09-09,0,0.002429722
2020-09-09,0,0.0013277644
2020-09-10,0,0.009520665
2020-09-10,0,0.00034015684
2020-09-11,0,0.001915983
2020-09-11,0,0.00016815336
2020-09-12,0,0.0024725173
2020-09-12,0,0.0002920751
2020-09-13,0,0.00074531906
2020-09-13,0,0.00068499177
2020-09-14,0,0.00041922004
2020-09-14,0,0.00167025
2020-09-15,0,0.0016276832
2020-09-15,0,0.0011496318
2020-09-16,0,0.0022353535
2020-09-16,0,0.02314556
2020-09-17,0,0.009136371
2020-09-17,0,0.002440188
2020-09-18,0,0.01627885
2020-09-18,0,0.008510578
2020-09-19,0,0.0025640323
2020-09-19,0,0.00063300563
2020-09-20,0,0.0016355492
2020-09-20,0,0.0016357439
2020-09-21,0,0.0023116374
2020-09-21,0,0.0022885771
2020-09-22,0,0.0011055577
2020-09-22,0,0.0017018334
2020-09-23,0,0.004461248
2020-09-23,0,0.005744268
2020-09-24,0,0.0072048404
2020-09-24,0,0.0062410845
2020-09-25,0,0.0017466132
2020-09-25,0,0.0016939668
2020-09-26,0,0.0011561898
2020-09-26,0,0.0019091553
2020-09-27,0,0.0057893265
2020-09-27,0,0.007964576
2020-09-28,0,0.0026072804
2020-09-28,0,0.0026072804
2020-09-29,0,0.0026072804
2020-09-29,0,0.014107716
2020-09-30,0,0.0037254272
2020-09-30,0,0.0030212093
2020-10-01,0,0.0016546502
2020-10-01,0,0.0043820497
2020-10-02,0,0.0040179472
2020-10-02,0,0.002411769
2020-10-03,0,0.009611758
2020-10-03,0,0.0066423304
2020-10-04,0,0.0064518363
2020-10-04,0,0.093125276
2020-10-05,1,0.9773899
2020-10-05,0,0.41824794
2020-10-06,1,0.9806968
2020-10-06,0,0.35201982
2020-10-07,1,0.975443
2020-10-07,0,0.6734483
2020-10-08,1,0.9696665
2020-10-08,0,0.12024841
2020-10-09,0,0.22172844
2020-10-09,1,0.9869855
2020-10-10,1,0.9918385
2020-10-10,0,0.27938944
2020-10-11,1,0.9694634
2020-10-11,0,0.48404163
2020-10-12,1,0.9804115
2020-10-12,0,0.16955797
2020-10-13,1,0.9759494
2020-10-13,0,0.484008
2020-10-14,0,0.344785
2020-10-14,1,0.9723032
2020-10-15,1,0.9874358
2020-10-15,0,0.0046608513
2020-10-16,1,0.991783
2020-10-16,0,0.61450726
2020-10-17,1,0.9829479
2020-10-17,0,0.3634131
2020-10-18,1,0.98525745
2020-10-18,0,0.26697084
2020-10-19,1,0.97820365
2020-10-19,0,0.257761
2020-10-20,0,0.57201195
2020-10-20,1,0.988221
2020-10-21,1,0.9687213
2020-10-21,0,0.40814433
2020-10-22,1,0.985328
2020-10-22,0,0.5331812
2020-10-23,1,0.97476053
2020-10-23,0,0.34794202
2020-10-24,1,0.9640106
2020-10-24,0,0.5644698
2020-10-25,1,0.98413575
2020-10-25,0,0.22507247
2020-10-26,0,0.5966402
2020-10-26,1,0.9697788
2020-10-27,0,0.36325762
2020-10-27,1,0.98584795
2020-10-28,1,0.98002315
2020-10-28,0,0.50350356
2020-10-29,0,0.6017157
2020-10-29,1,0.983868
2020-10-30,1,0.9843874
2020-10-30,0,0.3733436
2020-10-31,0,0.09902898
2020-10-31,1,0.9881712
2020-11-01,1,0.98454165
2020-11-01,0,0.39074212
2020-11-02,1,0.976168
2020-11-02,0,0.27514
2020-11-03,1,0.9834768
2020-11-03,0,0.08088076
2020-11-04,0,0.015607563
2020-11-05,0,0.00812205
2020-11-06,0,0.0042707827
2020-11-07,0,0.0029252463
2020-11-08,0,0.0023329398
2020-11-09,0,0.0025999115
2020-11-10,0,0.008255326
2020-11-11,0,0.020578269
2020-11-12,0,0.017888831
2020-11-13,0,0.0036183984
2020-11-14,0,0.0026330573
2020-11-15,0,0.0020308285
2020-11-16,0,0.0015368705
2020-11-17,0,0.0011179923
2020-11-18,0,0.0018615774
2020-11-19,0,0.0018113633
2020-11-20,0,0.011143782
2020-11-21,0,0.00076168036
2020-11-22,0,0.00076168036
2020-11-23,0,0.00076168036
2020-11-24,0,0.000563406
2020-11-25,0,0.00051529467
2020-11-26,0,0.00040803052
2020-11-27,0,0.0005822232
2020-11-28,0,0.00060139614
2020-11-29,0,0.00060139614
2020-11-30,0,0.00035612716
2020-12-01,0,0.00047349246
2020-12-02,0,0.00077266485
2020-12-03,0,0.0006925338
2020-12-04,0,0.0005656246
2020-12-05,0,0.0001428937
2020-12-06,0,0.00014630162
2020-12-07,0,0.0001428937
2020-12-08,0,0.00022431453
2020-12-09,0,0.00028051302
2020-12-10,0,0.00032677953
2020-12-11,0,0.00030807478
2020-12-12,0,0.00042643808
2020-12-13,0,0.0010274589
2020-12-14,0,0.0012784378
2020-12-15,0,0.0008159058
2020-12-16,0,0.00065489975
2020-12-17,0,0.000671076
2020-12-18,0,0.0005559029
2020-12-19,0,0.0005906755
2020-12-20,0,0.00043569203
2020-12-21,0,0.00049402606
2020-12-22,0,0.00058890565
2020-12-23,0,0.00053257006
2020-12-24,0,0.00053257006
2020-12-25,0,0.0004359226
2020-12-26,0,0.00044062265
2020-12-27,0,0.0005322273
2020-12-28,0,0.00036558774
2020-12-29,0,0.00044264505
2020-12-30,0,0.0008726016
2020-12-31,0,0.0004887846
2021-01-01,0,0.0004954554
2021-01-01,0,0.0008404708
2021-01-02,0,0.27380097
2021-01-02,1,0.9827656
2021-01-03,1,0.9782925
2021-01-03,0,0.4621392
2021-01-04,1,0.9778776
2021-01-04,0,0.2008265
2021-01-05,1,0.98102486
2021-01-05,0,0.4705272
2021-01-06,1,0.98795205
2021-01-06,0,0.4721617
2021-01-07,1,0.9841173
2021-01-07,0,0.51499915
2021-01-08,1,0.9665127
2021-01-08,0,0.27958456
2021-01-09,1,0.97627354
2021-01-09,0,0.5283883
2021-01-10,1,0.9876859
2021-01-10,0,0.37313583
2021-01-11,1,0.9721267
2021-01-11,0,0.37889507
2021-01-12,0,0.16827953
2021-01-12,1,0.9798733
2021-01-13,1,0.98528844
2021-01-13,0,0.55002195
2021-01-14,1,0.974568
2021-01-14,0,0.63532484
2021-01-15,1,0.9673072
2021-01-15,0,0.20851299
2021-01-16,1,0.9659731
2021-01-16,0,0.32732922
2021-01-17,1,0.97703356
2021-01-17,0,0.43745723
2021-01-18,1,0.9766188
2021-01-18,0,0.5344882
2021-01-19,1,0.96885115
2021-01-19,0,0.6226452
2021-01-20,1,0.9738749
2021-01-20,0,0.35030058
2021-01-21,0,0.20562749
2021-01-21,1,0.98080325
2021-01-22,1,0.985276
2021-01-22,0,0.5310952
2021-01-23,0,0.2840534
2021-01-23,1,0.9757835
2021-01-24,0,0.47154456
2021-01-24,1,0.97603923
2021-01-25,0,0.4359069
2021-01-25,1,0.977014
2021-01-26,0,0.26237854
2021-01-26,1,0.9821299
2021-01-27,0,0.68819046
2021-01-27,1,0.98285633
2021-01-28,1,0.9847808
2021-01-28,0,0.49192256
2021-01-29,1,0.9847607
2021-01-29,0,0.21237653
2021-01-30,0,0.32259494
2021-01-30,1,0.98173565
2021-01-31,1,0.9762841
2021-01-31,0,0.4378015
2021-02-01,0,0.011667463
2021-02-02,0,0.025231194
2021-02-03,0,0.010692779
2021-02-04,0,0.015677439
2021-02-05,0,0.0010906466
2021-02-06,0,0.0012241312
2021-02-07,0,0.0031829919
2021-02-08,0,0.012377605
2021-02-09,0,0.00394859
2021-02-10,0,0.0040613506
2021-02-11,0,0.0029272076
2021-02-12,0,0.0028905855
2021-02-13,0,0.000810745
2021-02-14,0,0.0015711198
2021-02-15,0,0.0008520363
2021-02-16,0,0.0015711198
2021-02-17,0,0.0068285717
2021-02-18,0,0.0068285717
2021-02-19,0,0.0018276871
2021-02-20,0,0.00025042112
2021-02-21,0,0.00025042112
2021-02-22,0,0.00019235603
2021-02-23,0,0.00036048624
2021-02-24,0,0.00036048624
2021-02-25,0,0.0002673291
2021-02-26,0,0.000609544
2021-02-27,0,0.00051798567
2021-02-28,0,0.00021146676
2021-03-01,0,0.00019424704
2021-03-02,0,0.00017035707
2021-03-03,0,9.001605e-05
2021-03-04,0,9.001605e-05
2021-03-05,0,9.001605e-05
2021-03-06,0,9.001605e-05
2021-03-07,0,9.867584e-05
2021-03-08,0,9.867584e-05
2021-03-09,0,0.00020337636
2021-03-10,0,0.00020337636
2021-03-11,0,0.00016567616
2021-03-12,0,0.00021554806
2021-03-13,0,0.00022380931
2021-03-14,0,0.00015830348
2021-03-15,0,0.00024003173
2021-03-16,0,0.00030492884
2021-03-17,0,0.0001188334
2021-03-18,0,0.00011735284
2021-03-19,0,0.0002446388
2021-03-20,0,0.00013092975
2021-03-21,0,0.00024222476
2021-03-22,0,0.0002221741
2021-03-23,0,0.00024507582
2021-03-24,0,0.00024149146
2021-03-25,0,0.00024552955
2021-03-26,0,0.00024797674
2021-03-27,0,0.00013674826
2021-03-28,0,0.0009429686
2021-03-29,0,0.00045262664
2021-03-30,0,0.00031318353
2021-03-31,0,0.00031009328
2021-04-01,0,9.427939e-05
2021-04-02,0,9.322858e-05
2021-04-03,0,9.322858e-05
2021-04-04,0,0.000114480536
2021-04-05,0,0.00033114443
2021-04-06,0,0.00033114443
2021-04-07,0,0.00027473192
2021-04-08,0,0.00027473192
2021-04-09,0,0.00027473192
2021-04-10,0,0.00018808899
2021-04-11,0,0.00027909275
2021-04-12,0,0.00028761785
2021-04-13,0,0.00025711083
2021-04-14,0,0.00021671715
2021-04-15,0,0.00021671715
2021-04-16,0,0.00024313084
2021-04-17,0,0.00022266715
2021-04-18,0,0.00025293828
2021-04-19,0,0.00025293828
2021-04-20,0,0.00026730666
2021-04-21,0,0.00026730666
2021-04-22,0,0.00027818527
2021-04-23,0,0.00027818527
2021-04-24,0,0.00033434233
2021-04-25,0,0.00031488616
2021-04-26,0,0.00041333147
2021-04-27,0,0.00041333147
2021-04-28,0,0.0004549053
2021-04-29,0,0.0003941726
2021-04-30,0,0.00036345734
2021-05-01,0,0.00029034764
2021-05-02,0,0.0002921698
2021-05-03,0,0.0009775725
2021-05-04,0,0.0010122755
2021-05-05,0,0.0010358301
2021-05-06,0,0.0011100697
2021-05-07,0,0.0011729621
2021-05-08,0,0.0003815139
2021-05-09,0,0.0009375098
2021-05-10,0,0.00048093978
2021-05-11,0,0.0011644624
2021-05-12,0,0.0008821258
2021-05-13,0,0.0008821258
2021-05-14,0,0.00059065584
2021-05-15,0,0.0010115862
2021-05-16,0,0.0004998063
2021-05-17,0,0.00055946695
2021-05-18,0,0.0008355591
2021-05-19,0,0.00097263156
2021-05-20,0,0.00056939427
2021-05-21,0,0.0007591803
2021-05-22,0,0.00041127586
2021-05-23,0,0.00043838937
2021-05-24,0,0.00041248047
2021-05-25,0,0.00041286208
2021-05-26,0,0.00048279177
2021-05-27,0,0.00048279177
2021-05-28,0,0.00049824564
2021-05-29,0,0.00018811588
2021-05-30,0,0.00027100602
2021-05-31,0,0.00026077204
2021-06-01,0,0.00026077204
2021-06-02,0,0.0005486643
2021-06-03,0,0.00037602155
2021-06-04,0,0.00037602155
2021-06-05,0,0.0008211503
2021-06-06,0,0.0010203492
2021-06-07,0,0.0017400292
2021-06-08,0,0.002707645
2021-06-09,0,0.002967856
2021-06-10,0,0.001895109
2021-06-11,0,0.0020813677
2021-06-12,0,0.0018695599
2021-06-13,0,0.0013217479
2021-06-14,0,0.0011663763
2021-06-15,0,0.0008630961
2021-06-16,0,0.0004999864
2021-06-17,0,0.0004948723
2021-06-18,0,0.0004236349
2021-06-19,0,0.00052216684
2021-06-20,0,0.00038130773
2021-06-21,0,0.00041968588
2021-06-22,0,0.00033496704
2021-06-23,0,0.00033496704
2021-06-24,0,0.00027874467
2021-06-25,0,0.0006460774
2021-06-26,0,0.00059874327
2021-06-27,0,0.00059874327
2021-06-28,0,0.00059874327
2021-06-29,0,0.00070877484
2021-06-30,0,0.0007304633
2021-07-01,0,0.0007838902
2021-07-02,0,0.0006988248
2021-07-03,0,0.0008118133
2021-07-04,0,0.0023251572
2021-07-05,0,0.00088414666
2021-07-06,0,0.003344585
2021-07-07,0,0.0042016692
2021-07-08,0,0.0045078387
2021-07-09,0,0.0036588556
2021-07-10,0,0.040252097
2021-07-11,0,0.040252097
2021-07-12,0,0.036643457
2021-07-13,0,0.058588948
2021-07-14,0,0.03886649
2021-07-15,0,0.15148182
2021-07-16,1,0.9925343
2021-07-17,1,0.9970637
2021-07-18,1,0.99794203
2021-07-19,1,0.9985815
2021-07-20,1,0.9991849
2021-07-21,1,0.99908304
2021-07-22,1,0.9990715
2021-07-23,1,0.99908483
2021-07-24,1,0.9988519
2021-07-25,1,0.9986222
2021-07-26,1,0.9983657
2021-07-27,1,0.9983657
2021-07-28,1,0.9986987
2021-07-29,1,0.99808383
2021-07-30,1,0.9987207
2021-07-31,1,0.99859816
2021-08-01,1,0.99826705
2021-08-02,1,0.9984805
2021-08-03,1,0.9967842
2021-08-04,1,0.9986958
2021-08-05,1,0.99877435
2021-08-06,1,0.99877435
2021-08-07,1,0.9987789
2021-08-08,1,0.9979253
2021-08-09,1,0.997471
2021-08-10,1,0.99818355
2021-08-11,1,0.9979498
2021-08-12,1,0.99774736
2021-08-13,1,0.9979631
2021-08-14,1,0.99776196
2021-11-01,0,0.08273242
2021-11-02,0,0.08273242
2021-11-03,0,0.015571532
2021-11-04,0,0.008158787
2021-11-05,0,0.0074228407
2021-11-06,0,0.008848254
2021-11-07,0,0.008848254
2021-11-08,0,0.0099069085
2021-11-09,0,0.006952504
2021-11-10,0,0.0014625416
2021-11-11,0,0.0012042628
2021-11-12,0,0.0016198216
2021-11-13,0,0.0012222216
2021-11-14,0,0.0014070516
2021-11-15,0,0.000858595
2021-11-16,0,0.0006865279
2021-11-17,0,0.00047318696
2021-11-18,0,0.00031932534
2021-11-19,0,0.00047883918
2021-11-20,0,0.0032629427
2021-11-21,0,0.0021337608
2021-11-22,0,0.00069705123
2021-11-23,0,0.00076520187
2021-11-24,0,0.00076520187
2021-11-25,0,0.0011130463
2021-11-26,0,0.0010318323
2021-11-27,0,0.00088914804
2021-11-28,0,0.001358535
2021-11-29,0,0.0019404126
2021-11-30,0,0.0008185363
2021-12-01,0,0.00069261494
2021-12-02,0,0.00073565834
2021-12-03,0,0.00066590915
2021-12-04,0,0.00092459965
2021-12-05,0,0.00092459965
2021-12-06,0,0.0030695407
2021-12-07,0,0.003587427
2021-12-08,0,0.0035878124
2021-12-09,0,0.004143498
2021-12-10,0,0.005396481
2021-12-11,0,0.005396481
2021-12-12,0,0.0042302758
2021-12-13,0,0.0051855515
2021-12-14,0,0.0041062227
2021-12-15,0,0.0018189222
2021-12-16,0,0.0018189222
2021-12-17,0,0.0018189222
2021-12-18,0,0.0023706306
2021-12-19,0,0.002208909
2021-12-20,0,0.00043841236
2021-12-21,0,0.00068023405
2021-12-22,0,0.0016321742
2021-12-23,0,0.00082368817
2021-12-24,0,0.00094160973
2021-12-25,0,0.0008731355
2021-12-26,0,0.0032129483
2021-12-27,0,0.0043288274
2021-12-28,0,0.002187498
2021-12-29,0,0.002187498
2021-12-30,0,0.0037883199
2021-12-31,0,0.0028113788
2022-01-01,0,0.0028113788
2022-01-02,0,0.0037883199
2022-01-03,0,0.0023485248
2022-01-04,0,0.0006975101
2022-01-05,0,0.00094593136
2022-01-06,0,0.0005635075
2022-01-07,0,0.0005635075
2022-01-08,0,0.0006166732
2022-01-09,0,0.00039257022
2022-01-10,0,0.00042961535
2022-01-11,0,0.0007099846
2022-01-12,0,0.0021763046
2022-01-13,0,0.0021763046
2022-01-14,0,0.0010246524
2022-01-15,0,0.0010887142
2022-01-16,0,0.0038364048
2022-01-17,0,0.011717457
2022-01-18,0,0.00281375
2022-01-19,0,0.0016038213
2022-01-20,0,0.0013551036
2022-01-21,0,0.002669505
2022-01-22,0,0.044725057
2022-01-23,0,0.007834017
2022-01-24,0,0.4307925
2022-01-25,1,0.986381
2022-01-26,1,0.9956001
2022-01-27,1,0.99809605
2022-01-28,1,0.99809605
2022-01-29,1,0.9977441
2022-01-30,1,0.99777395
2022-01-31,1,0.9991641
2022-02-01,1,0.9987685
2022-02-02,1,0.9992113
2022-02-03,1,0.9992113
2022-02-04,1,0.9991053
2022-02-05,1,0.9991053
2022-02-06,1,0.9991053
2022-02-07,1,0.9992015
2022-02-08,1,0.99924845
2022-02-09,1,0.99905723
2022-02-10,1,0.99911267
2022-02-11,1,0.99911267
2022-02-12,1,0.999161
2022-02-13,1,0.99923205
2022-02-14,1,0.9992804
2022-02-15,1,0.9992804
2022-02-16,1,0.9991781
2022-02-17,1,0.9991781
2022-02-18,1,0.99908483
2022-02-19,1,0.9988601
2022-02-20,1,0.99848264
2022-02-21,1,0.9981451
2022-02-22,1,0.9977481
2022-02-23,1,0.993109
2022-06-01,0,0.17761388
2022-06-02,0,0.03201868
2022-06-03,0,0.03449538
2022-06-04,0,0.02641532
2022-06-05,0,0.0042328835
2022-06-06,0,0.0050270637
2022-06-07,0,0.029059257
2022-06-08,0,0.042085968
2022-06-09,0,0.013664635
2022-06-10,0,0.015517947
2022-06-11,0,0.14185332
2022-06-12,0,0.10105336
2022-06-13,0,0.20690519
2022-06-14,0,0.26409945
2022-06-15,0,0.29500416
2022-06-16,0,0.04446972
2022-06-17,0,0.038344502
2022-06-18,0,0.0987497
2022-06-19,0,0.2178924
2022-06-20,0,0.18720537
2022-06-21,0,0.13346362
2022-06-22,0,0.07952235
2022-06-23,0,0.19501063
2022-06-24,0,0.083632246
2022-06-25,0,0.10786808
2022-06-26,0,0.42555353
2022-06-27,0,0.38230005
2022-06-28,0,0.36868137
2022-06-29,0,0.43607885
2022-06-30,0,0.0026773799
2022-07-01,0,0.0033623609
2022-07-02,0,0.004120435
2022-07-03,0,0.004585927
2022-07-04,0,0.5255426
2022-07-05,0,0.6193164
2022-07-06,0,0.003031139
2022-07-07,0,0.0032486846
2022-07-08,0,0.0032486846
2022-07-09,0,0.0032486846
2022-07-10,0,0.0030006433
2022-07-11,0,0.0022041963
2022-07-12,0,0.0023290452
2022-07-13,0,0.0023290452
2022-07-14,0,0.0020890078
2022-07-15,0,0.0016476575
2022-07-16,0,0.00021688084
2022-07-17,0,9.8114186e-05
2022-07-18,0,9.8114186e-05
2022-07-19,0,0.00023164842
2022-07-20,0,0.00023164842
2022-07-21,0,0.00038971793
2022-07-22,0,0.0003680496
2022-07-23,0,0.0002545313
2022-07-24,0,0.00040416312
2022-07-25,0,0.00042725677
2022-07-26,0,0.00024932117
2022-07-27,0,0.00036617008
2022-07-28,0,0.00029679236
2022-07-29,0,0.00026615465
2022-07-30,0,0.00029679236
2022-07-31,0,0.00019776118
2022-08-01,0,0.0002462016
2022-08-02,0,0.00025425287
2022-08-03,0,0.00021615706
2022-08-04,0,0.00020781235
2022-08-05,0,0.00020727685
2022-08-06,0,0.00024397447
2022-08-07,0,0.00022578289
2022-08-08,0,0.00030985483
2022-08-09,0,0.0005005458
2022-08-10,0,0.00027455675
2022-08-11,0,0.005686969
2022-08-12,0,0.005681746
2022-08-13,0,0.005493543
2022-08-14,0,0.007787927
2022-08-15,1,0.02459812
2022-08-16,1,0.024162972
2022-08-17,1,0.025466638
2022-08-18,1,0.02499228
2022-08-19,1,0.026488962
2022-08-20,1,0.012914593
2022-08-21,1,0.020043198
2022-08-22,1,0.019294376
2022-08-23,1,0.023134919
2022-08-24,1,0.021106705
2022-08-25,1,0.027972993
2022-08-26,1,0.019348595
2022-08-27,1,0.019348595
2022-08-28,1,0.017176766
2022-08-29,1,0.00939307
2022-08-30,1,0.0097404905
2022-08-31,1,0.009036086
2022-09-01,1,0.005956236
2022-09-02,1,0.0068719997
2022-09-03,1,0.027258951
2022-09-04,1,0.008626131
2022-09-05,1,0.013620477
2022-09-06,1,0.013620477
2022-09-07,1,0.008266065
2022-09-08,1,0.008942814
2022-09-09,1,0.013994846
2022-09-10,1,0.008864499
2022-09-11,1,0.008864499
2022-09-12,1,0.01999582
2022-09-13,1,0.012780847
2022-11-01,0,0.014273754
2022-11-02,0,0.011535813
2022-11-03,0,0.013470689
2022-11-04,0,0.014921397
2022-11-05,0,0.01550319
2022-11-06,0,0.008095587
2022-11-07,0,0.0086736195
2022-11-08,0,0.013352164
2022-11-09,0,0.012695521
2022-11-10,0,0.013340811
2022-11-11,0,0.0142501565
2022-11-12,0,0.014484101
2022-11-13,0,0.02028089
2022-11-14,0,0.018771417
2022-11-15,0,0.24386731
2022-11-16,0,0.13521256
2022-11-17,0,0.20785008
2022-11-18,0,0.00345061
2022-11-19,0,0.001330766
2022-11-20,0,0.0016360624
2022-11-21,0,0.0013445806
2022-11-22,0,0.0015195365
2022-11-23,0,0.0012725403
2022-11-24,0,0.0012725403
2022-11-25,0,0.0028220399
2022-11-26,0,0.0028220625
2022-11-27,0,0.0060416292
2022-11-28,0,0.0030210514
2022-11-29,0,0.0034645444
2022-11-30,0,0.0027634257
2022-12-01,0,0.0035167783
2022-12-02,0,0.0023858321
2022-12-03,0,0.005265296
2022-12-04,0,0.004098403
2022-12-05,0,0.004860777
2022-12-06,0,0.0017277768
2022-12-07,0,0.0023676576
2022-12-08,0,0.002631211
2022-12-09,0,0.0019256216
2022-12-10,0,0.001430972
2022-12-11,0,0.0027259379
2022-12-12,0,0.0023869209
2022-12-13,0,0.001590536
2022-12-14,0,0.0017076447
2022-12-15,0,0.0022642596
2022-12-16,0,0.0013619134
2022-12-17,0,0.0013906022
2022-12-18,0,0.0016946137
2022-12-19,0,0.0020296539
2022-12-20,0,0.0015784431
2022-12-21,0,0.0013071495
2022-12-22,0,0.0016809393
2022-12-23,0,0.002066952
2022-12-24,0,0.0022048664
2022-12-25,0,0.0018310143
2022-12-26,0,0.0014002256
2022-12-27,0,0.0011253742
2022-12-28,0,0.0025108568
2022-12-29,0,0.0025108568
2022-12-30,0,0.0006072584
2022-12-31,0,0.00053590594
2023-01-01,0,0.00056134525
2023-01-01,0,0.0008483204
2023-01-02,0,0.00092795945
2023-01-02,0,0.00077463774
2023-01-03,0,0.00077463774
2023-01-03,0,0.00092795945
2023-01-04,0,0.00072999747
2023-01-04,0,0.0007876795
2023-01-05,0,0.0008338685
2023-01-05,0,0.0009705922
2023-01-06,0,0.0021039345
2023-01-06,0,0.0022521452
2023-01-07,0,0.0017716889
2023-01-07,0,0.003169498
2023-01-08,0,0.0029675611
2023-01-08,0,0.0013286201
2023-01-09,0,0.0026025984
2023-01-09,0,0.0038401245
2023-01-10,0,0.15821573
2023-01-10,0,0.054600902
2023-01-11,0,0.06672829
2023-01-11,0,0.014723245
2023-01-12,0,0.014362936
2023-01-12,0,0.059549928
2023-01-13,0,0.0131489
2023-01-13,0,0.008069736
2023-01-14,0,0.01280065
2023-01-14,0,0.010718798
2023-01-15,0,0.008407132
2023-01-15,0,0.0062277406
2023-01-16,0,0.02724673
2023-01-16,0,0.051850997
2023-01-17,0,0.046554312
2023-01-17,0,0.07049322
2023-01-18,0,0.056597237
2023-01-18,0,0.04007816
2023-01-19,0,0.037522573
2023-01-19,0,0.037681434
2023-01-20,0,0.035988096
2023-01-20,0,0.03591413
2023-01-21,0,0.073991224
2023-01-21,0,0.049630288
2023-01-22,0,0.018433858
2023-01-22,0,0.019803593
2023-01-23,0,0.016663797
2023-01-23,0,0.016663797
2023-01-24,0,0.016451485
2023-01-24,0,0.026734767
2023-01-25,0,0.0042665424
2023-01-25,0,0.026586605
2023-01-26,0,0.11364828
2023-01-26,0,0.30726177
2023-01-27,0,0.46853423
2023-01-27,0,0.15209113
2023-01-28,0,0.006529508
2023-01-28,0,0.06884674
2023-01-29,0,0.094828464
2023-01-29,0,0.24779212
2023-01-30,0,0.12479758
2023-01-30,0,0.28339043
2023-01-31,0,0.115059525
2023-01-31,0,0.13174386
2023-02-01,0,0.1552731
2023-02-01,0,0.24383299
2023-02-02,0,0.13591488
2023-02-02,0,0.14973044
2023-02-03,0,0.0013187942
2023-02-03,0,0.0032032856
2023-02-04,0,0.0035343743
2023-02-04,0,0.0029615825
2023-02-05,0,0.0022588884
2023-02-05,0,0.0038340949
2023-02-06,0,0.0042920415
2023-02-06,0,0.0042920415
2023-02-07,0,0.0042920415
2023-02-07,0,0.0042920415
2023-02-08,0,0.0042920415
2023-02-08,0,0.0042920415
2023-02-09,0,0.0030528957
2023-02-09,0,0.0030528957
2023-02-10,0,0.0033018887
2023-02-10,0,0.0019226968
2023-02-11,0,0.0018934754
2023-02-11,0,0.0016222032
2023-02-12,0,0.0014837917
2023-02-12,0,0.0015747014
2023-02-13,0,0.0010721623
2023-02-13,0,0.0011518011
2023-02-14,0,0.0014396021
2023-02-14,0,0.0010903551
2023-02-15,0,0.0010903551
2023-02-15,0,0.0011706795
2023-02-16,0,0.0009769268
2023-02-16,0,0.00084553583
2023-02-17,0,0.00084553583
2023-02-17,0,0.0006665028
2023-02-18,0,0.0006665028
2023-02-18,0,0.0003784277
2023-02-19,0,0.0007899522
2023-02-19,0,0.0006739053
2023-02-20,0,0.0005160359
2023-02-20,0,0.0004662537
2023-02-21,0,0.00071319804
2023-02-21,0,0.00043955978
2023-02-22,0,0.00026937693
2023-02-22,0,0.0006043516
2023-02-23,0,0.0012805937
2023-02-23,0,0.00069860875
2023-02-24,0,0.00095273217
2023-02-24,0,0.001462135
2023-02-25,0,0.0014611683
2023-02-25,0,0.0014611683
2023-02-26,0,0.0018504716
2023-02-26,0,0.0017210001
2023-02-27,0,0.0017210001
2023-02-27,0,0.0008117136
2023-02-28,0,0.0008587046
2023-02-28,0,0.002704536
2023-03-01,0,0.0037792928
2023-03-01,0,0.0034622946
2023-03-02,0,0.003068871
2023-03-02,0,0.003361024
2023-03-03,0,0.002375007
2023-03-03,0,0.0023231315
2023-03-04,0,0.0026646839
2023-03-04,0,0.046366904
2023-03-05,0,0.019660935
2023-03-05,0,0.004567798
2023-03-06,0,0.0058604553
2023-03-06,0,0.01918535
2023-03-07,0,0.0063139666
2023-03-07,0,0.02831225
2023-03-08,0,0.015638355
2023-03-08,0,0.008794055
2023-03-09,0,0.029824212
2023-03-09,0,0.033145387
2023-03-10,0,0.011151678
2023-03-10,0,0.02198861
2023-03-11,0,0.029508814
2023-03-11,0,0.01824985
2023-03-12,0,0.024815198
2023-03-12,0,0.011130312
2023-03-13,0,0.023384742
2023-03-13,0,0.03055389
2023-03-14,0,0.039806485
2023-03-14,0,0.07937277
2023-03-15,0,0.14977904
2023-03-15,0,0.30606434
2023-03-16,0,0.0026559366
2023-03-16,1,0.11049421
2023-03-17,1,0.27695337
2023-03-17,0,0.20302512
2023-03-18,0,0.51479536
2023-03-18,1,0.08560708
2023-03-19,0,0.5938148
2023-03-19,1,0.63789326
2023-03-20,0,0.4583879
2023-03-20,1,0.049230505
2023-03-21,0,0.0028881647
2023-03-21,1,0.0025332635
2023-03-22,0,0.0027614448
2023-03-22,1,0.004128242
2023-03-23,0,0.004230792
2023-03-23,1,0.0047958586
2023-03-24,1,0.0047958586
2023-03-24,0,0.0045209234
2023-03-25,1,0.003815248
2023-03-25,0,0.0034005675
2023-03-26,0,0.0051440382
2023-03-26,1,0.004318818
2023-03-27,1,0.0072088735
2023-03-27,0,0.0065937527
2023-03-28,0,0.0025928235
2023-03-28,1,0.0032151178
2023-03-29,1,0.0024125217
2023-03-29,0,0.063206516
2023-03-30,1,0.2976273
2023-03-30,0,0.11573377
2023-03-31,0,0.08591282
2023-03-31,1,0.31510496
2023-04-01,0,0.37826577
2023-04-01,1,0.4777708
2023-04-02,0,0.04456306
2023-04-02,1,0.037265614
2023-04-03,1,0.044732086
2023-04-03,0,0.02022078
2023-04-04,0,0.012776828
2023-04-04,1,0.082612574
2023-04-05,1,0.060364373
2023-04-05,0,0.04377259
2023-04-06,0,0.1335567
2023-04-06,1,0.08338724
2023-04-07,0,0.08597969
2023-04-07,1,0.15189704
2023-04-08,0,0.3927006
2023-04-08,1,0.3607315
2023-04-09,0,0.12417761
2023-04-09,1,0.080796786
2023-04-10,0,0.14467154
2023-04-10,1,0.35348016
2023-04-11,0,0.3631505
2023-04-11,1,0.27569354
2023-04-12,1,0.39512825
2023-04-12,0,0.10287123
2023-04-13,1,0.031291958
2023-04-13,0,0.03816546
2023-04-14,0,0.021418873
2023-04-14,1,0.04479135
2023-04-15,0,0.067463264
2023-04-16,0,0.010845057
2023-04-17,0,0.0075424854
2023-04-18,0,0.01239232
2023-04-19,0,0.009107705
2023-04-20,0,0.0076710493
2023-04-21,0,0.012495141
2023-04-22,0,0.035234574
2023-04-23,0,0.021507509
2023-04-24,0,0.009006021
2023-04-25,0,0.009006021
2023-04-26,0,0.016363665
2023-04-27,0,0.017370723
2023-04-28,0,0.017078834
2023-04-29,0,0.00839454
2023-04-30,0,0.009129558
2023-05-01,0,0.0047109765
2023-05-02,0,0.0025645273
2023-05-03,0,0.0026730797
2023-05-04,0,0.0012770583
2023-05-05,0,0.0013284949
2023-05-06,0,0.001390434
2023-05-07,0,0.0025314172
2023-05-08,0,0.0031919065
2023-05-09,0,0.007460054
2023-05-10,0,0.0034196929
2023-05-11,0,0.003570202
2023-05-12,0,0.0026695775
2023-05-13,0,0.000922744
2023-05-14,0,0.003871327
2023-05-15,0,0.00089065987
2023-05-16,0,0.0013618383
2023-05-17,0,0.0035902474
2023-05-18,0,0.0039687827
2023-05-19,0,0.0012627814
2023-05-20,0,0.0027932832
2023-05-21,0,0.0018936772
2023-05-22,0,0.0016655227
2023-05-23,0,0.0036816418
2023-05-24,0,0.002790648
2023-05-25,0,0.0029555454
2023-05-26,0,0.0018382058
2023-05-27,0,0.0014282002
2023-05-28,0,0.001991464
2023-05-29,0,0.0021551002
2023-05-30,0,0.002750506
2023-05-31,0,0.0018384692
2023-06-01,0,0.002087705
2023-06-01,0,0.0026787107
2023-06-02,0,0.003990375
2023-06-02,0,0.0065294057
2023-06-03,0,0.0043688985
2023-06-03,0,0.007598279
2023-06-04,0,0.005728337
2023-06-04,0,0.0070762346
2023-06-05,0,0.002452132
2023-06-05,0,0.002832694
2023-06-06,0,0.0012181319
2023-06-06,0,0.0024592106
2023-06-07,0,0.0011187951
2023-06-07,0,0.0076616895
2023-06-08,0,0.006581044
2023-06-08,0,0.008600886
2023-06-09,0,0.0062887934
2023-06-09,0,0.009467281
2023-06-10,0,0.0063710706
2023-06-10,0,0.008438362
2023-06-11,0,0.011863602
2023-06-11,0,0.020804845
2023-06-12,0,0.014000019
2023-06-12,0,0.014000019
2023-06-13,0,0.024070585
2023-06-13,0,0.021111876
2023-06-14,0,0.019015364
2023-06-14,0,0.010458633
2023-06-15,0,0.009214553
2023-06-15,0,0.12649922
2023-06-16,0,0.06817481
2023-06-16,0,0.079174265
2023-06-17,0,0.07096914
2023-06-17,0,0.29885194
2023-06-18,0,0.23678517
2023-06-18,0,0.30645657
2023-06-19,0,0.25383514
2023-06-19,0,0.2607664
2023-06-20,0,0.04027538
2023-06-20,0,0.007947139
2023-06-21,0,0.005595624
2023-06-21,0,0.00658191
2023-06-22,0,0.017471291
2023-06-22,0,0.014704165
2023-06-23,0,0.25522223
2023-06-23,0,0.22773117
2023-06-24,0,0.14945883
2023-06-24,0,0.119704664
2023-06-25,0,0.02622655
2023-06-25,0,0.2246395
2023-06-26,0,0.3506576
2023-06-26,1,0.010297754
2023-06-27,1,0.00409895
2023-06-27,0,0.005528245
2023-06-28,0,0.0036276528
2023-06-28,1,0.011773726
2023-06-29,1,0.017214334
2023-06-29,0,0.015555276
2023-06-30,0,0.005803976
2023-06-30,1,0.0095496075
2023-07-01,0,0.021723336
2023-07-01,1,0.02112603
2023-07-02,0,0.017666884
2023-07-02,1,0.0042519877
2023-07-03,1,0.010425228
2023-07-03,0,0.005881986
2023-07-04,0,0.0016647602
2023-07-04,1,0.0064375293
2023-07-05,1,0.04013109
2023-07-05,0,0.010424633
2023-07-06,1,0.021933667
2023-07-06,0,0.020821204
2023-07-07,0,0.022841582
2023-07-07,1,0.01653182
2023-07-08,0,0.0075618736
2023-07-08,1,0.02256926
2023-07-09,1,0.0025277042
2023-07-09,0,0.0025277042
2023-07-10,1,0.005013706
2023-07-10,0,0.00049795816
2023-07-11,1,0.0006262043
2023-07-11,0,0.00082111114
2023-07-12,0,0.0006393498
2023-07-12,1,0.00059398037
2023-07-13,1,0.00096845237
2023-07-13,0,0.0006404082
2023-07-14,0,0.00024878097
2023-07-14,1,0.0002203442
2023-07-15,0,0.00022703773
2023-07-15,1,0.00021186071
2023-07-16,1,0.00021186071
2023-07-16,0,0.0003406014
2023-07-17,1,0.00021829658
2023-07-17,0,0.00027220132
2023-07-18,1,0.00029475303
2023-07-18,0,0.00026432605
2023-07-19,1,0.00031358504
2023-07-19,0,0.00025640312
2023-07-20,1,0.00025640312
2023-07-20,0,0.00025640312
2023-07-21,1,0.00024066398
2023-07-21,0,0.00024066398
2023-07-22,1,0.00025182465
2023-07-22,0,0.00048292315
2023-07-23,0,0.00048353788
2023-07-23,1,0.00047105696
2023-07-24,1,0.0003551419
2023-07-24,0,0.000345831
2023-07-25,0,0.0003236095
2023-07-25,1,0.0003696363
2023-07-26,0,0.00039256085
2023-07-27,0,0.00042006874
2023-07-28,0,0.00047458438
2023-07-29,0,0.001399695
2023-07-30,0,0.0011754973
2023-07-31,0,0.0013279205
2023-08-01,0,0.0011754973
2023-08-02,0,0.00065344246
2023-08-03,0,0.000709692
2023-08-04,0,0.0005091155
2023-08-05,0,0.0008119062
2023-08-06,0,0.0008119062
2023-08-07,0,0.00073338236
2023-08-08,0,0.00088437204
2023-08-09,0,0.00077914255
2023-08-10,0,0.00077914255
2023-08-11,0,0.00059934333
2023-08-12,0,0.00059934333
2023-08-13,0,0.0007095402
2023-08-14,0,0.0007095402
2023-08-15,0,0.00095746905
2023-08-16,0,0.00095746905
2023-08-17,0,0.0012956015
2023-08-18,0,0.0012956015
2023-08-19,0,0.000871839
2023-08-20,0,0.0023192877
2023-08-21,0,0.0018814955
2023-08-22,0,0.0018814955
2023-08-23,0,0.0022295679
2023-08-24,0,0.00086394977
2023-08-25,0,0.0006466749
2023-08-26,0,0.0006466749
2023-08-27,0,0.000783774
2023-08-28,0,0.0009579249
2023-08-29,0,0.0009579249
2023-08-30,0,0.0009579249
2023-08-31,0,0.0009579249
2023-09-01,0,0.0009579249
2023-09-02,0,0.0009579249
2023-09-03,0,0.0009579249
2023-09-04,0,0.0005808411
2023-09-05,0,0.0005808411
2023-09-06,0,0.0008002178
2023-09-07,1,0.00072994246
2023-09-08,1,0.000667159
2023-09-09,1,0.00054266007
2023-09-10,1,0.0004843668
2023-09-11,1,0.00041425665
2023-09-12,1,0.00041425665
2023-09-13,1,0.00041425665
2023-09-14,1,0.0005093118
2023-09-15,1,0.0005093118
2023-09-16,1,0.0005093118
2023-09-17,1,0.0005093118
2023-09-18,1,0.0004576637
2023-09-19,1,0.00053752784
2023-09-20,1,0.0005757904
2023-09-21,1,0.0005757904
2023-09-22,1,0.0005757904
2023-09-23,1,0.0005757904
2023-09-24,1,0.0005757904
2023-09-25,1,0.0005757904
2023-09-26,1,0.00067322067
2023-09-27,1,0.0005757904
2023-09-28,1,0.0005757904
2023-09-29,1,0.0005757904
2023-09-30,1,0.00067322067
2023-10-01,1,0.00067322067
2023-10-02,1,0.00070470944
2023-10-03,1,0.0008637868
2023-10-04,1,0.00094693486
2023-10-05,1,0.00094693486
2023-10-06,1,0.00088403124
2025-01-01,0,0.00076485047
2025-01-02,0,0.00076485047
2025-01-03,0,0.00076485047
2025-01-04,0,0.00076621614
2025-01-05,0,0.00087628467
2025-01-06,0,0.00087628467
2025-01-07,0,0.00079320517
2025-01-08,0,0.0007235452
2025-01-09,0,0.0005255751
2025-01-10,0,0.0005255751
2025-01-11,0,0.00038069845
2025-01-12,0,0.000331188
2025-01-13,0,0.00035890096
2025-01-14,0,0.00035890096
2025-01-15,0,0.00030249197
2025-01-16,0,0.0005057216
2025-01-17,0,0.00046487883
2025-01-18,0,0.00046487883
2025-01-19,0,0.00033482688
2025-01-20,0,0.00020218476
2025-01-21,0,0.00024209524
2025-01-22,0,0.00024209524
2025-01-23,0,0.00018320387
2025-01-24,0,0.00018320387
2025-01-25,0,0.00017839968
2025-01-26,0,0.00017839968
2025-01-27,0,0.00017839968
2025-01-28,0,0.00020662019
2025-01-29,0,0.00020937741
2025-01-30,0,0.00026340576
2025-01-31,0,0.00026340576
2025-02-01,0,0.00026340576
2025-02-02,0,0.00026340576
2025-02-03,0,0.00021932847
2025-02-04,0,0.00021932847
2025-02-05,0,0.00021932847
2025-02-06,0,0.00027917794
2025-02-07,0,0.0002471723
2025-02-08,0,0.0002471723
2025-02-09,0,0.00019815455
2025-02-10,0,0.0002076921
2025-02-11,0,0.0002076921
2025-02-12,0,0.0002076921
2025-02-13,0,0.00024322682
2025-02-14,0,0.00024322682
2025-02-15,0,0.0002100076
2025-02-16,0,0.00019108319
2025-02-17,0,0.00019108319
2025-02-18,0,0.00019108319
2025-02-19,0,0.00019108319
2025-02-20,0,0.00019108319
2025-02-21,0,0.00019108319
2025-02-22,0,0.00016498425
2025-02-23,0,0.00016498425
2025-02-24,0,0.00019108319
2025-02-25,0,0.00016498425
2025-02-26,0,0.00016498425
2025-02-27,0,0.00016498425
2025-02-28,0,0.00016498425
2025-03-01,0,0.00014087892
2025-03-02,0,0.00014087892
2025-03-03,0,0.00014087892
2025-03-04,0,0.00014087892
2025-03-05,0,0.00014087892
2025-03-06,0,0.00014087892
2025-03-07,0,0.00014087892
2025-03-08,0,0.00014087892
2025-03-09,0,0.00014087892
2025-03-10,0,0.00014087892
2025-03-11,0,0.00014087892
2025-03-12,0,0.00017573083
2025-03-13,0,0.00017573083
2025-03-14,0,0.00017573083
2025-03-15,0,0.00019848754
2025-03-16,0,0.00015912313
2025-03-17,0,0.00015912313
2025-03-18,0,0.00021470361
2025-03-19,0,0.00021470361
2025-03-20,0,0.00021470361
2025-03-21,0,0.00021470361
2025-03-22,0,0.00017802686
2025-03-23,0,0.00017802686
2025-03-24,0,0.0001427194
2025-03-25,0,0.0001427194
2025-03-26,0,0.0001427194
2025-03-27,0,0.0001427194
2025-03-28,0,0.0001427194
2025-03-29,0,0.0001427194
2025-03-30,0,0.0001427194
2025-03-31,0,0.0001427194
2025-04-01,0,0.0001427194
2025-04-02,0,0.0001427194
2025-04-03,0,8.3729734e-05
2025-04-04,0,8.3729734e-05
2025-04-05,0,8.3729734e-05
2025-04-06,0,8.3729734e-05
2025-04-07,1,0.00013733054
2025-04-08,1,0.00013733054
2025-04-09,1,0.00012695753
2025-04-10,1,0.00012695753
2025-04-11,1,0.0001319394
2025-04-12,1,0.0001319394
2025-04-13,1,0.00012695753
2025-04-14,1,0.00012695753
2025-04-15,1,0.00012695753
2025-04-16,1,0.0001319394
2025-04-17,1,0.00015912313
2025-04-18,1,0.00041331947
2025-04-19,1,0.00041331947
2025-04-20,1,0.0055961334
2025-04-21,1,0.0004384533
2025-04-22,1,0.0011817924
2025-04-23,1,0.0009461539
2025-04-24,1,0.0019493512
2025-04-25,1,0.0019559825
2025-04-26,1,0.002901622
2025-04-27,1,0.0009837886
2025-04-28,1,0.0007913125
2025-04-29,1,0.002249225
2025-04-30,1,0.074297525
2025-05-01,1,0.005694778
2025-05-02,1,0.005694778
2025-05-03,1,0.0059984587
2025-05-04,1,0.012145923
2025-05-05,1,0.0051417765
2025-05-06,1,0.0051417765
