date,01,02,03,04,05,06,07,08,09,10,11,12,13,14,15,16,17,18,19,20,is_anomaly
2021-01-01,0.0867178924259056,0.03732162458836443,0.054884742041712405,0.18990120746432493,0.07464324917672886,0.012074643249176729,0.01646542261251372,0.07464324917672886,0.008781558726673985,0.025246981339187707,0.06366630076838639,0.03402854006586169,0.006586169045005488,0.003293084522502744,0.014270032930845226,0.0010976948408342481,0.013172338090010977,0.059275521405049394,0.2239297475301866,0.0,0
2021-01-02,0.10062893081761007,0.034141958670260555,0.031446540880503145,0.1725067385444744,0.0646900269541779,0.006289308176100629,0.011680143755615454,0.06199460916442048,0.008984725965858042,0.022461814914645103,0.09613656783468104,0.030548068283917342,0.009883198562443846,0.0008984725965858042,0.005390835579514825,0.0008984725965858042,0.03234501347708895,0.07457322551662174,0.23450134770889489,0.0,0
2021-01-03,0.07747489239598278,0.015781922525107604,0.06886657101865136,0.2769010043041607,0.09899569583931134,0.0,0.007173601147776184,0.07173601147776183,0.00860832137733142,0.01721664275466284,0.06169296987087518,0.015781922525107604,0.014347202295552367,0.0,0.007173601147776184,0.00860832137733142,0.040172166427546625,0.04160688665710186,0.1678622668579627,0.0,0
2021-01-04,0.11723052714398112,0.023603461841070025,0.05035405192761605,0.22816679779701024,0.1022816679779701,0.015735641227380016,0.012588512981904013,0.05507474429583006,0.020456333595594022,0.00944138473642801,0.0889063729346971,0.03461841070023604,0.00865460267505901,0.0007867820613690008,0.007867820613690008,0.014948859166011016,0.03933910306845004,0.03619197482297404,0.13060582218725414,0.003147128245476003,0
2021-01-05,0.07312775330396476,0.03259911894273128,0.07048458149779736,0.36211453744493394,0.10748898678414097,0.007048458149779736,0.02290748898678414,0.044933920704845816,0.013215859030837005,0.0052863436123348016,0.06872246696035242,0.02555066079295154,0.012334801762114538,0.001762114537444934,0.004405286343612335,0.004405286343612335,0.03436123348017621,0.019383259911894272,0.08986784140969163,0.0,0
2021-01-06,0.09843937575030012,0.026410564225690276,0.0744297719087635,0.2665066026410564,0.12244897959183673,0.03841536614645858,0.03361344537815126,0.0744297719087635,0.004801920768307323,0.014405762304921969,0.05162064825930372,0.027611044417767107,0.007202881152460984,0.0024009603841536613,0.003601440576230492,0.0012004801920768306,0.01920768307322929,0.024009603841536616,0.1092436974789916,0.0,0
2021-01-07,0.0776255707762557,0.06278538812785388,0.03538812785388128,0.2465753424657534,0.10388127853881278,0.021689497716894976,0.02511415525114155,0.04680365296803653,0.0319634703196347,0.01598173515981735,0.045662100456621,0.019406392694063926,0.007990867579908675,0.00684931506849315,0.0182648401826484,0.0045662100456621,0.02054794520547945,0.045662100456621,0.1632420091324201,0.0,0
2021-01-08,0.06820809248554913,0.06705202312138728,0.025433526011560695,0.2832369942196532,0.09942196531791908,0.03236994219653179,0.023121387283236993,0.06011560693641618,0.019653179190751446,0.013872832369942197,0.048554913294797684,0.028901734104046242,0.015028901734104046,0.004624277456647399,0.003468208092485549,0.023121387283236993,0.035838150289017344,0.018497109826589597,0.12716763005780346,0.0023121387283236996,0
2021-01-09,0.1165644171779141,0.05368098159509203,0.049079754601226995,0.25,0.12883435582822086,0.019938650306748466,0.023006134969325152,0.03374233128834356,0.012269938650306749,0.009202453987730062,0.05828220858895705,0.02607361963190184,0.007668711656441718,0.004601226993865031,0.006134969325153374,0.0015337423312883436,0.05214723926380368,0.024539877300613498,0.12269938650306748,0.0,0
2021-01-10,0.07877813504823152,0.04823151125401929,0.04019292604501608,0.25241157556270094,0.1414790996784566,0.03215434083601286,0.003215434083601286,0.03858520900321544,0.00482315112540193,0.012861736334405145,0.09163987138263666,0.011254019292604502,0.014469453376205787,0.0,0.00964630225080386,0.003215434083601286,0.04501607717041801,0.024115755627009645,0.14790996784565916,0.0,0
2021-01-11,0.1268472906403941,0.03694581280788178,0.06403940886699508,0.2204433497536946,0.0812807881773399,0.04187192118226601,0.012315270935960592,0.03940886699507389,0.023399014778325122,0.013546798029556651,0.04926108374384237,0.012315270935960592,0.014778325123152709,0.007389162561576354,0.0024630541871921183,0.006157635467980296,0.03078817733990148,0.023399014778325122,0.1933497536945813,0.0,0
2021-01-12,0.08847184986595175,0.03842716711349419,0.044682752457551385,0.31814119749776587,0.11081322609472744,0.032171581769437,0.008936550491510277,0.049151027703306524,0.0071492403932082215,0.005361930294906166,0.07685433422698838,0.01966041108132261,0.006255585344057194,0.0,0.0071492403932082215,0.004468275245755138,0.032171581769437,0.014298480786416443,0.1358355674709562,0.0,0
2021-01-13,0.10010111223458039,0.054600606673407485,0.03538928210313448,0.3609706774519717,0.10212335692618807,0.023255813953488372,0.020222446916076844,0.047522750252780584,0.0020222446916076846,0.015166835187057633,0.05864509605662285,0.016177957532861477,0.017189079878665317,0.004044489383215369,0.003033367037411527,0.004044489383215369,0.016177957532861477,0.024266936299292215,0.09403437815975733,0.0010111223458038423,0
2021-01-14,0.11853720050441362,0.03656998738965952,0.04791929382093316,0.2509457755359395,0.13114754098360656,0.012610340479192938,0.031525851197982346,0.04665825977301387,0.0025220680958385876,0.007566204287515763,0.07061790668348046,0.03278688524590164,0.007566204287515763,0.0,0.006305170239596469,0.012610340479192938,0.03530895334174023,0.029003783102143757,0.11979823455233292,0.0,0
2021-01-15,0.12128922815945717,0.039016115351993216,0.06700593723494487,0.22561492790500423,0.11450381679389313,0.01441899915182358,0.029686174724342665,0.09499575911789652,0.005089058524173028,0.01102629346904156,0.035623409669211195,0.031382527565733676,0.010178117048346057,0.0,0.01102629346904156,0.006785411365564037,0.030534351145038167,0.018659881255301103,0.13316369804919423,0.0,0
2021-01-16,0.09378292939936776,0.029504741833508957,0.06217070600632244,0.1643835616438356,0.14857744994731295,0.0136986301369863,0.03371970495258166,0.06954689146469968,0.014752370916754479,0.008429926238145416,0.0642781875658588,0.01053740779768177,0.004214963119072708,0.003161222339304531,0.004214963119072708,0.002107481559536354,0.015806111696522657,0.04847207586933614,0.20864067439409906,0.0,0
2021-01-17,0.10163652024117141,0.017226528854435832,0.03273040482342808,0.23944875107665806,0.07407407407407407,0.008613264427217916,0.01119724375538329,0.04220499569336779,0.01636520241171404,0.01119724375538329,0.10077519379844961,0.02153316106804479,0.015503875968992248,0.002583979328165375,0.007751937984496124,0.0,0.020671834625323,0.07665805340223945,0.19982773471145565,0.0,0
2021-01-18,0.10805860805860806,0.046703296703296704,0.047619047619047616,0.2573260073260073,0.08699633699633699,0.0027472527472527475,0.021062271062271064,0.07142857142857142,0.01098901098901099,0.015567765567765568,0.05860805860805861,0.011904761904761904,0.010073260073260074,0.0018315018315018315,0.015567765567765568,0.003663003663003663,0.024725274725274724,0.04945054945054945,0.15567765567765568,0.0,0
2021-01-19,0.088016967126193,0.03499469777306469,0.04984093319194061,0.3075291622481442,0.09544008483563096,0.02014846235418876,0.010604453870625663,0.032873806998939555,0.005302226935312832,0.01166489925768823,0.04665959703075292,0.013785790031813362,0.007423117709437964,0.003181336161187699,0.02545068928950159,0.006362672322375398,0.018027571580063628,0.032873806998939555,0.18875927889713678,0.0010604453870625664,0
2021-01-20,0.10516252390057361,0.04875717017208413,0.0841300191204589,0.25717017208413,0.121414913957935,0.02390057361376673,0.021032504780114723,0.05927342256214149,0.006692160611854685,0.017208413001912046,0.05162523900573614,0.015296367112810707,0.0057361376673040155,0.0019120458891013384,0.0124282982791587,0.009560229445506692,0.0124282982791587,0.0248565965583174,0.12045889101338432,0.0009560229445506692,0
2021-01-21,0.09769094138543517,0.04440497335701599,0.056838365896980464,0.2912966252220249,0.0941385435168739,0.017761989342806393,0.03907637655417407,0.0763765541740675,0.015985790408525755,0.015985790408525755,0.0674955595026643,0.019538188277087035,0.008880994671403197,0.0017761989342806395,0.021314387211367674,0.008880994671403197,0.010657193605683837,0.0053285968028419185,0.10657193605683836,0.0,0
2021-01-22,0.08522727272727272,0.046875,0.052556818181818184,0.2869318181818182,0.14488636363636365,0.008522727272727272,0.03125,0.046875,0.01278409090909091,0.015625,0.05397727272727273,0.02130681818181818,0.01278409090909091,0.002840909090909091,0.014204545454545454,0.005681818181818182,0.014204545454545454,0.011363636363636364,0.13210227272727273,0.0,0
2021-01-23,0.08521560574948665,0.0513347022587269,0.09856262833675565,0.3069815195071869,0.1375770020533881,0.03285420944558522,0.011293634496919919,0.04620123203285421,0.009240246406570842,0.003080082135523614,0.039014373716632446,0.027720739219712527,0.013347022587268994,0.007186858316221766,0.006160164271047228,0.009240246406570842,0.009240246406570842,0.008213552361396304,0.09753593429158111,0.0,0
2021-01-24,0.09594594594594595,0.032432432432432434,0.06621621621621622,0.2851351351351351,0.12702702702702703,0.02027027027027027,0.014864864864864866,0.08378378378378379,0.016216216216216217,0.013513513513513514,0.05,0.021621621621621623,0.010810810810810811,0.004054054054054054,0.0013513513513513514,0.014864864864864866,0.008108108108108109,0.033783783783783786,0.1,0.0,0
2021-01-25,0.1041388518024032,0.07209612817089453,0.044058744993324434,0.2937249666221629,0.1081441922563418,0.009345794392523364,0.014686248331108143,0.07476635514018691,0.014686248331108143,0.009345794392523364,0.03471295060080107,0.020026702269692925,0.02403204272363151,0.0,0.0,0.010680907877169559,0.02403204272363151,0.021361815754339118,0.12016021361815754,0.0,0
2021-01-26,0.0982824427480916,0.05343511450381679,0.06870229007633588,0.38645038167938933,0.09351145038167939,0.006679389312977099,0.019083969465648856,0.046755725190839696,0.003816793893129771,0.007633587786259542,0.05248091603053435,0.02194656488549618,0.013358778625954198,0.0,0.0028625954198473282,0.015267175572519083,0.01717557251908397,0.016221374045801526,0.07633587786259542,0.0,0
2021-01-27,0.1217564870259481,0.0688622754491018,0.07584830339321358,0.2844311377245509,0.09780439121756487,0.016966067864271458,0.012974051896207584,0.05089820359281437,0.013972055888223553,0.015968063872255488,0.03792415169660679,0.015968063872255488,0.011976047904191617,0.0,0.006986027944111776,0.005988023952095809,0.020958083832335328,0.017964071856287425,0.12275449101796407,0.0,0
2021-01-28,0.08590102707749767,0.06816059757236227,0.058823529411764705,0.3081232492997199,0.14565826330532214,0.013071895424836602,0.012138188608776844,0.047619047619047616,0.014939309056956116,0.008403361344537815,0.0457516339869281,0.021475256769374416,0.008403361344537815,0.0009337068160597573,0.004668534080298786,0.0056022408963585435,0.015873015873015872,0.036414565826330535,0.09803921568627451,0.0,0
2021-01-29,0.07777777777777778,0.05851851851851852,0.07407407407407407,0.24074074074074073,0.1385185185185185,0.017777777777777778,0.015555555555555555,0.08814814814814814,0.003703703703703704,0.016296296296296295,0.045925925925925926,0.025925925925925925,0.022222222222222223,0.0022222222222222222,0.005185185185185185,0.0044444444444444444,0.014074074074074074,0.015555555555555555,0.13333333333333333,0.0,0
2021-01-30,0.09836065573770492,0.04918032786885246,0.0633879781420765,0.21420765027322405,0.13005464480874318,0.014207650273224045,0.003278688524590164,0.06885245901639345,0.00546448087431694,0.007650273224043716,0.05573770491803279,0.03715846994535519,0.01639344262295082,0.003278688524590164,0.001092896174863388,0.009836065573770493,0.02185792349726776,0.034972677595628415,0.1628415300546448,0.002185792349726776,0
2021-01-31,0.09165808444902163,0.07929969104016478,0.06797116374871266,0.33264675592173015,0.10916580844490216,0.006179196704428424,0.021627188465499485,0.05149330587023687,0.009268795056642637,0.018537590113285273,0.05149330587023687,0.027806385169927908,0.017507723995880537,0.0010298661174047373,0.005149330587023687,0.004119464469618949,0.009268795056642637,0.018537590113285273,0.07723995880535531,0.0,0
2021-02-01,0.08080808080808081,0.05134680134680135,0.08333333333333333,0.2803030303030303,0.12542087542087543,0.025252525252525252,0.020202020202020204,0.041245791245791245,0.009259259259259259,0.006734006734006734,0.09595959595959595,0.027777777777777776,0.009259259259259259,0.0008417508417508417,0.005892255892255892,0.005892255892255892,0.015151515151515152,0.04292929292929293,0.0723905723905724,0.0,0
2021-02-02,0.09225413402959094,0.04177545691906005,0.050478677110530897,0.2654482158398607,0.06353350739773717,0.014795474325500435,0.014795474325500435,0.04525674499564839,0.013054830287206266,0.011314186248912098,0.10530896431679722,0.017406440382941687,0.014795474325500435,0.0017406440382941688,0.006092254134029591,0.0017406440382941688,0.012184508268059183,0.03568320278503046,0.19147084421235858,0.0008703220191470844,0
2021-02-03,0.0998062015503876,0.06395348837209303,0.044573643410852716,0.24612403100775193,0.10949612403100775,0.02131782945736434,0.01937984496124031,0.05813953488372093,0.016472868217054265,0.007751937984496124,0.06976744186046512,0.025193798449612403,0.011627906976744186,0.0009689922480620155,0.0,0.012596899224806201,0.0048449612403100775,0.05426356589147287,0.13372093023255813,0.0,0
2021-02-04,0.07293868921775898,0.05919661733615222,0.05813953488372093,0.2832980972515856,0.09830866807610994,0.013742071881606765,0.02959830866807611,0.0613107822410148,0.024312896405919663,0.006342494714587738,0.0613107822410148,0.048625792811839326,0.011627906976744186,0.007399577167019027,0.008456659619450317,0.0,0.021141649048625793,0.039112050739957716,0.09513742071881606,0.0,0
2021-02-05,0.10222672064777327,0.0465587044534413,0.08299595141700405,0.2550607287449393,0.09817813765182186,0.011133603238866396,0.030364372469635626,0.05161943319838057,0.015182186234817813,0.013157894736842105,0.02834008097165992,0.016194331983805668,0.008097165991902834,0.0,0.0020242914979757085,0.003036437246963563,0.011133603238866396,0.039473684210526314,0.18522267206477733,0.0,0
2021-02-06,0.0906832298136646,0.04720496894409938,0.055900621118012424,0.2236024844720497,0.13167701863354037,0.009937888198757764,0.02236024844720497,0.03975155279503106,0.02236024844720497,0.017391304347826087,0.06459627329192547,0.017391304347826087,0.02111801242236025,0.004968944099378882,0.002484472049689441,0.002484472049689441,0.024844720496894408,0.024844720496894408,0.1763975155279503,0.0,0
2021-02-07,0.09216589861751152,0.06758832565284179,0.029185867895545316,0.3195084485407066,0.08141321044546851,0.027649769585253458,0.026113671274961597,0.06605222734254992,0.016897081413210446,0.004608294930875576,0.041474654377880185,0.013824884792626729,0.03533026113671275,0.004608294930875576,0.0015360983102918587,0.0,0.02457757296466974,0.021505376344086023,0.1259600614439324,0.0,0
2021-02-08,0.10540184453227931,0.05401844532279315,0.021080368906455864,0.2898550724637681,0.11462450592885376,0.039525691699604744,0.048748353096179184,0.05006587615283267,0.006587615283267457,0.011857707509881422,0.026350461133069828,0.023715415019762844,0.03557312252964427,0.007905138339920948,0.0013175230566534915,0.005270092226613966,0.013175230566534914,0.015810276679841896,0.12911725955204217,0.0,0
2021-02-09,0.08629441624365482,0.03299492385786802,0.0583756345177665,0.3248730964467005,0.155668358714044,0.031302876480541454,0.024534686971235193,0.02961082910321489,0.01015228426395939,0.005076142131979695,0.04060913705583756,0.009306260575296108,0.025380710659898477,0.0,0.005076142131979695,0.01353637901861252,0.017766497461928935,0.014382402707275803,0.11505922165820642,0.0,0
2021-02-10,0.09810479375696766,0.03678929765886288,0.06354515050167224,0.2653288740245262,0.0802675585284281,0.024526198439241916,0.012263099219620958,0.033444816053511704,0.01560758082497213,0.005574136008918618,0.06243032329988852,0.024526198439241916,0.024526198439241916,0.002229654403567447,0.0033444816053511705,0.012263099219620958,0.03121516164994426,0.033444816053511704,0.1705685618729097,0.0,0
2021-02-11,0.09715994020926756,0.025411061285500747,0.06427503736920777,0.23916292974588937,0.08819133034379671,0.016442451420029897,0.029895366218236172,0.04484304932735426,0.01195814648729447,0.013452914798206279,0.06278026905829596,0.013452914798206279,0.01195814648729447,0.01195814648729447,0.004484304932735426,0.005979073243647235,0.03736920777279522,0.01943198804185351,0.20179372197309417,0.0,0
2021-02-12,0.08947368421052632,0.034210526315789476,0.07368421052631578,0.20526315789473684,0.1013157894736842,0.014473684210526316,0.02368421052631579,0.05526315789473684,0.04868421052631579,0.010526315789473684,0.08421052631578947,0.017105263157894738,0.006578947368421052,0.003947368421052632,0.005263157894736842,0.013157894736842105,0.017105263157894738,0.031578947368421054,0.16447368421052633,0.0,0
2021-02-13,0.10372040586245772,0.05073280721533258,0.06877113866967305,0.17812852311161217,0.06989853438556934,0.029312288613303268,0.018038331454340473,0.029312288613303268,0.03494926719278467,0.011273957158962795,0.11837655016910936,0.020293122886133032,0.02705749718151071,0.006764374295377677,0.0033821871476888386,0.009019165727170236,0.03494926719278467,0.033821871476888386,0.15219842164599776,0.0,0
2021-02-14,0.1444568868980963,0.04927211646136618,0.07502799552071669,0.1522956326987682,0.07166853303471445,0.0167973124300112,0.01791713325867861,0.09630459126539753,0.03135498320268757,0.02127659574468085,0.04927211646136618,0.027995520716685332,0.020156774916013438,0.0011198208286674132,0.005599104143337066,0.010078387458006719,0.029115341545352745,0.026875699888017916,0.1534154535274356,0.0,0
2021-02-15,0.10146252285191956,0.056672760511883,0.04296160877513711,0.21937842778793418,0.10146252285191956,0.013711151736745886,0.022851919561243144,0.10146252285191956,0.02010968921389397,0.013711151736745886,0.05393053016453382,0.0283363802559415,0.018281535648994516,0.003656307129798903,0.005484460694698354,0.008226691042047532,0.02376599634369287,0.02376599634369287,0.14076782449725778,0.0,0
2021-02-16,0.06835443037974684,0.039662447257383965,0.07172995780590717,0.2514767932489452,0.10379746835443038,0.01181434599156118,0.026160337552742614,0.07172995780590717,0.016877637130801686,0.017721518987341773,0.05063291139240506,0.03291139240506329,0.01350210970464135,0.006751054852320675,0.008438818565400843,0.010970464135021098,0.02362869198312236,0.04050632911392405,0.13333333333333333,0.0,0
2021-02-17,0.07816537467700259,0.04521963824289406,0.09366925064599484,0.20284237726098192,0.0917312661498708,0.02131782945736434,0.02648578811369509,0.1111111111111111,0.012919896640826873,0.01744186046511628,0.04909560723514212,0.025193798449612403,0.03294573643410853,0.004521963824289405,0.02260981912144703,0.009689922480620155,0.01808785529715762,0.03488372093023256,0.1020671834625323,0.0,0
2021-02-18,0.08881118881118881,0.05944055944055944,0.07762237762237763,0.3048951048951049,0.08181818181818182,0.01048951048951049,0.027972027972027972,0.07692307692307693,0.011188811188811189,0.022377622377622378,0.03776223776223776,0.021678321678321677,0.019580419580419582,0.0048951048951048955,0.002797202797202797,0.013286713286713287,0.014685314685314685,0.025874125874125874,0.0979020979020979,0.0,0
2021-02-19,0.09644322845417237,0.05677154582763338,0.06703146374829001,0.30984952120383036,0.1538987688098495,0.006839945280437756,0.0253077975376197,0.06566347469220246,0.008207934336525308,0.016415868673050615,0.033515731874145006,0.03488372093023256,0.010259917920656635,0.0006839945280437756,0.0027359781121751026,0.008891928864569083,0.023939808481532147,0.016415868673050615,0.06224350205198358,0.0,0
2021-02-20,0.11995967741935484,0.07560483870967742,0.10383064516129033,0.2368951612903226,0.13205645161290322,0.02217741935483871,0.007056451612903226,0.06451612903225806,0.012096774193548387,0.012096774193548387,0.04233870967741935,0.020161290322580645,0.009072580645161291,0.0,0.0020161290322580645,0.005040322580645161,0.012096774193548387,0.010080645161290322,0.11290322580645161,0.0,0
2021-02-21,0.08108108108108109,0.03753753753753754,0.03903903903903904,0.3003003003003003,0.15165165165165165,0.016516516516516516,0.016516516516516516,0.05105105105105105,0.018018018018018018,0.0045045045045045045,0.05555555555555555,0.02702702702702703,0.021021021021021023,0.0,0.0045045045045045045,0.0,0.03453453453453453,0.03003003003003003,0.1111111111111111,0.0,0
2021-02-22,0.07429420505200594,0.05200594353640416,0.0549777117384844,0.33580980683506684,0.09658246656760773,0.010401188707280832,0.017830609212481426,0.06537890044576523,0.007429420505200594,0.020802377414561663,0.06983655274888559,0.041604754829123326,0.005943536404160475,0.008915304606240713,0.005943536404160475,0.0029717682020802376,0.014858841010401188,0.029717682020802376,0.08469539375928678,0.0,0
2021-02-23,0.05359056806002144,0.07288317256162916,0.05466237942122187,0.3408360128617363,0.1157556270096463,0.011789924973204717,0.030010718113612004,0.04930332261521972,0.010718113612004287,0.0053590568060021436,0.04608788853161844,0.04823151125401929,0.012861736334405145,0.0,0.0,0.004287245444801715,0.02572347266881029,0.015005359056806002,0.10289389067524116,0.0,0
2021-02-24,0.07860262008733625,0.060043668122270744,0.07751091703056769,0.2838427947598253,0.09934497816593886,0.012008733624454149,0.043668122270742356,0.06768558951965066,0.015283842794759825,0.008733624454148471,0.039301310043668124,0.03275109170305677,0.014192139737991267,0.0,0.008733624454148471,0.012008733624454149,0.019650655021834062,0.018558951965065504,0.10807860262008734,0.0,0
2021-02-25,0.07819383259911894,0.05616740088105727,0.0605726872246696,0.32268722466960353,0.09911894273127753,0.011013215859030838,0.031938325991189426,0.05616740088105727,0.00881057268722467,0.01762114537444934,0.06497797356828194,0.018722466960352423,0.009911894273127754,0.0,0.0,0.011013215859030838,0.03634361233480176,0.02973568281938326,0.08700440528634361,0.0,0
2021-02-26,0.09554140127388536,0.03821656050955414,0.11464968152866242,0.3006369426751592,0.0929936305732484,0.006369426751592357,0.045859872611464965,0.05222929936305733,0.01019108280254777,0.011464968152866241,0.03184713375796178,0.02929936305732484,0.011464968152866241,0.0,0.007643312101910828,0.007643312101910828,0.003821656050955414,0.011464968152866241,0.1286624203821656,0.0,0
2021-02-27,0.061837455830388695,0.04946996466431095,0.05653710247349823,0.3392226148409894,0.12014134275618374,0.007067137809187279,0.02120141342756184,0.045936395759717315,0.014134275618374558,0.007067137809187279,0.05123674911660778,0.019434628975265017,0.0088339222614841,0.0035335689045936395,0.01060070671378092,0.007067137809187279,0.02120141342756184,0.02120141342756184,0.13427561837455831,0.0,0
2021-02-28,0.08791208791208792,0.03296703296703297,0.06813186813186813,0.2549450549450549,0.17692307692307693,0.014285714285714285,0.03076923076923077,0.05714285714285714,0.006593406593406593,0.01098901098901099,0.051648351648351645,0.041758241758241756,0.013186813186813187,0.007692307692307693,0.002197802197802198,0.016483516483516484,0.02197802197802198,0.01868131868131868,0.08571428571428572,0.0,0
2021-03-01,0.06846999154691462,0.04395604395604396,0.12341504649196956,0.34065934065934067,0.1293322062552832,0.006762468300929839,0.029585798816568046,0.04057480980557904,0.00253592561284869,0.006762468300929839,0.03888419273034658,0.028740490278951817,0.009298393913778529,0.0,0.00253592561284869,0.014370245139475908,0.016060862214708368,0.01098901098901099,0.08199492814877431,0.00507185122569738,0
2021-03-02,0.08156329651656755,0.04672897196261682,0.08156329651656755,0.254035683942226,0.07306711979609176,0.010195412064570943,0.021240441801189464,0.05777400169923534,0.00594732370433305,0.004248088360237893,0.05352591333899745,0.011045029736618521,0.016142735768903994,0.0008496176720475786,0.006796941376380629,0.014443500424808835,0.0237892948173322,0.028037383177570093,0.20900594732370434,0.0,0
2021-03-03,0.12255639097744361,0.04586466165413534,0.02706766917293233,0.24060150375939848,0.08646616541353383,0.006766917293233083,0.012030075187969926,0.0481203007518797,0.03308270676691729,0.005263157894736842,0.07669172932330827,0.02030075187969925,0.021052631578947368,0.0007518796992481203,0.006766917293233083,0.006766917293233083,0.03684210526315789,0.04586466165413534,0.15413533834586465,0.0030075187969924814,0
2021-03-04,0.07929883138564274,0.04340567612687813,0.03171953255425709,0.24958263772954925,0.08347245409015025,0.012520868113522538,0.015025041736227046,0.05759599332220367,0.024207011686143573,0.00333889816360601,0.07846410684474124,0.019198664440734557,0.01335559265442404,0.0008347245409015025,0.007512520868113523,0.02337228714524207,0.02003338898163606,0.037562604340567615,0.1994991652754591,0.0,0
2021-03-05,0.07653061224489796,0.06887755102040816,0.0625,0.22448979591836735,0.08545918367346939,0.00510204081632653,0.02423469387755102,0.04336734693877551,0.012755102040816327,0.007653061224489796,0.0663265306122449,0.01403061224489796,0.015306122448979591,0.01020408163265306,0.0,0.002551020408163265,0.0625,0.04591836734693878,0.16709183673469388,0.00510204081632653,0
2021-03-06,0.08571428571428572,0.04973544973544974,0.04867724867724868,0.38095238095238093,0.06666666666666667,0.020105820105820106,0.016931216931216932,0.02962962962962963,0.012698412698412698,0.007407407407407408,0.0380952380952381,0.01798941798941799,0.010582010582010581,0.0,0.0021164021164021165,0.0021164021164021165,0.0328042328042328,0.03597883597883598,0.14179894179894179,0.0,0
2021-03-07,0.08041237113402062,0.07938144329896907,0.07525773195876288,0.3618556701030928,0.06494845360824743,0.005154639175257732,0.015463917525773196,0.04845360824742268,0.01134020618556701,0.005154639175257732,0.032989690721649485,0.024742268041237112,0.003092783505154639,0.0,0.005154639175257732,0.006185567010309278,0.013402061855670102,0.010309278350515464,0.15670103092783505,0.0,0
2021-03-08,0.10093896713615023,0.10093896713615023,0.07629107981220658,0.29988262910798125,0.10974178403755869,0.005868544600938967,0.01232394366197183,0.040492957746478875,0.005868544600938967,0.01995305164319249,0.03814553990610329,0.035211267605633804,0.017018779342723004,0.002347417840375587,0.0035211267605633804,0.007629107981220657,0.013497652582159625,0.01232394366197183,0.09800469483568075,0.0,0
2021-03-09,0.09257206208425721,0.07649667405764966,0.12472283813747229,0.3719512195121951,0.07483370288248337,0.009423503325942351,0.009423503325942351,0.03325942350332594,0.005543237250554324,0.01164079822616408,0.03215077605321508,0.029379157427937917,0.017184035476718405,0.002771618625277162,0.008869179600886918,0.003880266075388027,0.012195121951219513,0.012195121951219513,0.07039911308203992,0.0011086474501108647,0
2021-03-10,0.11732186732186732,0.07862407862407862,0.10012285012285012,0.3476658476658477,0.07432432432432433,0.01597051597051597,0.014127764127764128,0.038083538083538086,0.012285012285012284,0.012899262899262898,0.033169533169533166,0.022727272727272728,0.014742014742014743,0.004914004914004914,0.0012285012285012285,0.0042997542997543,0.030098280098280097,0.009213759213759214,0.06818181818181818,0.0,0
2021-03-11,0.10249554367201426,0.06862745098039216,0.08467023172905526,0.3538324420677362,0.06862745098039216,0.020499108734402853,0.031194295900178252,0.062388591800356503,0.0071301247771836,0.006238859180035651,0.034759358288770054,0.027629233511586453,0.0071301247771836,0.006238859180035651,0.00267379679144385,0.00980392156862745,0.036541889483065956,0.013368983957219251,0.05614973262032086,0.0,0
2021-03-12,0.08254200146092038,0.0679327976625274,0.13075237399561723,0.39006574141709277,0.08619430241051863,0.013878743608473338,0.02483564645726808,0.029948867786705625,0.008765522279035792,0.014609203798392988,0.02337472607742878,0.018261504747991233,0.01095690284879474,0.009495982468955442,0.0029218407596785976,0.008035062089116142,0.015339663988312637,0.01168736303871439,0.050401753104455806,0.0,0
2021-03-13,0.09965397923875433,0.0629757785467128,0.08027681660899653,0.3121107266435986,0.06228373702422145,0.009688581314878892,0.011764705882352941,0.04359861591695502,0.01591695501730104,0.010380622837370242,0.07404844290657439,0.020761245674740483,0.010380622837370242,0.002768166089965398,0.0006920415224913495,0.002768166089965398,0.01453287197231834,0.05328719723183391,0.11211072664359861,0.0,0
2021-03-14,0.12585616438356165,0.05736301369863014,0.10616438356164383,0.3458904109589041,0.07106164383561644,0.012842465753424657,0.01797945205479452,0.04195205479452055,0.005136986301369863,0.010273972602739725,0.046232876712328765,0.016267123287671232,0.016267123287671232,0.005136986301369863,0.0008561643835616438,0.0059931506849315065,0.031678082191780824,0.023972602739726026,0.059075342465753425,0.0,0
2021-03-15,0.11042944785276074,0.04677914110429448,0.1004601226993865,0.34662576687116564,0.05828220858895705,0.009202453987730062,0.00843558282208589,0.04831288343558282,0.006901840490797546,0.011503067484662576,0.04447852760736196,0.027607361963190184,0.02530674846625767,0.005368098159509203,0.007668711656441718,0.007668711656441718,0.03450920245398773,0.019938650306748466,0.07975460122699386,0.0007668711656441718,0
2021-03-16,0.0893939393939394,0.045454545454545456,0.13333333333333333,0.3446969696969697,0.0696969696969697,0.004545454545454545,0.01893939393939394,0.04242424242424243,0.007575757575757576,0.007575757575757576,0.04621212121212121,0.01893939393939394,0.016666666666666666,0.007575757575757576,0.0015151515151515152,0.003787878787878788,0.026515151515151516,0.021212121212121213,0.09393939393939393,0.0,0
2021-03-17,0.0916030534351145,0.047073791348600506,0.12086513994910941,0.2907124681933842,0.09287531806615776,0.014631043256997456,0.01653944020356234,0.08269720101781171,0.0019083969465648854,0.007633587786259542,0.03689567430025445,0.02544529262086514,0.024173027989821884,0.005089058524173028,0.001272264631043257,0.010178117048346057,0.015903307888040712,0.011450381679389313,0.10305343511450382,0.0,0
2021-03-18,0.07007738607050731,0.07566638005159071,0.08770421324161651,0.3125537403267412,0.10791057609630267,0.015477214101461736,0.012467755803955288,0.0649183147033534,0.006448839208942391,0.008598452278589854,0.04514187446259673,0.0176268271711092,0.013757523645743766,0.0021496130696474634,0.0021496130696474634,0.02235597592433362,0.012467755803955288,0.018056749785038694,0.10447119518486672,0.0,0
2021-03-19,0.09389400921658986,0.11693548387096774,0.12211981566820276,0.2626728110599078,0.10483870967741936,0.016705069124423964,0.017857142857142856,0.05184331797235023,0.002880184331797235,0.009792626728110598,0.03686635944700461,0.03168202764976959,0.041474654377880185,0.0,0.002304147465437788,0.0069124423963133645,0.01555299539170507,0.010368663594470046,0.055299539170506916,0.0,0
2021-03-20,0.1065891472868217,0.05910852713178295,0.0755813953488372,0.26841085271317827,0.11337209302325581,0.040697674418604654,0.01065891472868217,0.05717054263565891,0.003875968992248062,0.025193798449612403,0.04748062015503876,0.03488372093023256,0.035852713178294575,0.001937984496124031,0.0029069767441860465,0.003875968992248062,0.02422480620155039,0.0048449612403100775,0.08333333333333333,0.0,0
2021-03-21,0.08901408450704225,0.06084507042253521,0.09577464788732394,0.4163380281690141,0.07492957746478873,0.015211267605633802,0.009577464788732394,0.0676056338028169,0.0022535211267605635,0.006197183098591549,0.03323943661971831,0.0276056338028169,0.0276056338028169,0.0011267605633802818,0.0016901408450704226,0.0011267605633802818,0.0067605633802816905,0.0028169014084507044,0.06028169014084507,0.0,0
2021-03-22,0.09139150943396226,0.06780660377358491,0.1267688679245283,0.3466981132075472,0.07783018867924528,0.01650943396226415,0.02358490566037736,0.0660377358490566,0.003537735849056604,0.01061320754716981,0.03891509433962264,0.020047169811320754,0.02830188679245283,0.0011792452830188679,0.0005896226415094339,0.005306603773584905,0.012382075471698114,0.0047169811320754715,0.057193396226415096,0.0005896226415094339,0
2021-03-23,0.08409506398537477,0.055453991468616695,0.12126751980499695,0.3534430225472273,0.09384521633150518,0.019500304692260818,0.014625228519195612,0.06581352833638025,0.009750152346130409,0.010359536867763558,0.03412553321145643,0.02315661182205972,0.015843997562461912,0.0042656916514320535,0.004875076173065204,0.009750152346130409,0.008531383302864107,0.01218769043266301,0.0591102985984156,0.0,0
2021-03-24,0.11347047113470471,0.054412740544127404,0.1041804910418049,0.28002654280026545,0.12276045122760451,0.015262110152621102,0.021897810218978103,0.062375580623755804,0.0053085600530856005,0.0072992700729927005,0.047113470471134705,0.0371599203715992,0.017252820172528202,0.005972130059721301,0.0053085600530856005,0.009953550099535502,0.008626410086264101,0.007962840079628402,0.072992700729927,0.0006635700066357001,0
2021-03-25,0.10570987654320987,0.05478395061728395,0.11188271604938271,0.29012345679012347,0.11959876543209877,0.016203703703703703,0.024691358024691357,0.08873456790123457,0.0038580246913580245,0.013117283950617283,0.023148148148148147,0.041666666666666664,0.011574074074074073,0.0023148148148148147,0.0015432098765432098,0.006172839506172839,0.0023148148148148147,0.012345679012345678,0.07021604938271606,0.0,0
2021-03-26,0.09621451104100946,0.0473186119873817,0.10173501577287067,0.27208201892744477,0.10488958990536278,0.016561514195583597,0.03391167192429022,0.10015772870662461,0.007886435331230283,0.012618296529968454,0.04574132492113565,0.03548895899053628,0.027602523659305992,0.002365930599369085,0.0015772870662460567,0.0031545741324921135,0.011041009463722398,0.007886435331230283,0.07176656151419558,0.0,0
2021-03-27,0.06626506024096386,0.056626506024096385,0.08313253012048193,0.1855421686746988,0.08674698795180723,0.0024096385542168677,0.021686746987951807,0.0819277108433735,0.012048192771084338,0.02530120481927711,0.08795180722891566,0.03614457831325301,0.05060240963855422,0.004819277108433735,0.0036144578313253013,0.012048192771084338,0.008433734939759036,0.04216867469879518,0.13253012048192772,0.0,0
2021-03-28,0.0935754189944134,0.061452513966480445,0.09776536312849161,0.1634078212290503,0.08379888268156424,0.009776536312849162,0.030726256983240222,0.06843575418994413,0.004189944134078212,0.01675977653631285,0.05726256983240224,0.040502793296089384,0.034916201117318434,0.004189944134078212,0.004189944134078212,0.013966480446927373,0.015363128491620111,0.02094972067039106,0.1787709497206704,0.0,0
2021-03-29,0.07996406109613657,0.07367475292003593,0.07457322551662174,0.265947888589398,0.1320754716981132,0.011680143755615454,0.03593890386343217,0.08355795148247978,0.008984725965858042,0.014375561545372867,0.04043126684636118,0.025157232704402517,0.016172506738544475,0.0026954177897574125,0.008086253369272238,0.0071877807726864335,0.009883198562443846,0.013477088948787063,0.09613656783468104,0.0,0
2021-03-30,0.12141779788838612,0.07239819004524888,0.0889894419306184,0.31975867269984914,0.11538461538461539,0.00904977375565611,0.02790346907993967,0.0444947209653092,0.00980392156862745,0.006033182503770739,0.048265460030165915,0.016591251885369532,0.00904977375565611,0.0007541478129713424,0.0007541478129713424,0.0022624434389140274,0.00980392156862745,0.00980392156862745,0.08748114630467571,0.0,0
2021-03-31,0.09007506255212677,0.061718098415346125,0.061718098415346125,0.34445371142618847,0.10258548790658882,0.022518765638031693,0.02585487906588824,0.0658882402001668,0.01834862385321101,0.010008340283569641,0.045037531276063386,0.022518765638031693,0.010008340283569641,0.0050041701417848205,0.007506255212677231,0.0008340283569641367,0.01751459549624687,0.011676396997497914,0.07673060884070058,0.0,0
2021-04-01,0.09619450317124736,0.0507399577167019,0.08350951374207188,0.28964059196617337,0.08668076109936575,0.016913319238900635,0.014799154334038054,0.040169133192389,0.02536997885835095,0.003171247357293869,0.0507399577167019,0.024312896405919663,0.010570824524312896,0.004228329809725159,0.006342494714587738,0.0021141649048625794,0.015856236786469344,0.022198731501057084,0.15644820295983086,0.0,0
2021-04-02,0.08982035928143713,0.017964071856287425,0.10179640718562874,0.26586826347305387,0.09820359281437126,0.005988023952095809,0.016766467065868262,0.07544910179640718,0.03952095808383234,0.005988023952095809,0.031137724550898204,0.02155688622754491,0.015568862275449102,0.0023952095808383233,0.008383233532934131,0.025149700598802394,0.027544910179640718,0.025149700598802394,0.12574850299401197,0.0,0
2021-04-03,0.10756501182033097,0.03546099290780142,0.07919621749408984,0.23404255319148937,0.09219858156028368,0.01773049645390071,0.030732860520094562,0.05673758865248227,0.06619385342789598,0.001182033096926714,0.04609929078014184,0.030732860520094562,0.022458628841607566,0.0,0.004728132387706856,0.02009456264775414,0.041371158392434985,0.02955082742316785,0.08392434988179669,0.0,0
2021-04-04,0.13486370157819225,0.043041606886657105,0.0975609756097561,0.26255380200860834,0.07317073170731707,0.018651362984218076,0.00860832137733142,0.05595408895265423,0.01291248206599713,0.014347202295552367,0.047345767575322814,0.018651362984218076,0.018651362984218076,0.0,0.0,0.01721664275466284,0.01291248206599713,0.02582496413199426,0.13773314203730272,0.0,0
2021-04-05,0.10960591133004927,0.06527093596059114,0.11206896551724138,0.22536945812807882,0.10467980295566502,0.012315270935960592,0.020935960591133004,0.04556650246305419,0.008620689655172414,0.009852216748768473,0.038177339901477834,0.020935960591133004,0.01600985221674877,0.006157635467980296,0.0049261083743842365,0.009852216748768473,0.017241379310344827,0.034482758620689655,0.13793103448275862,0.0,0
2021-04-06,0.10656620021528525,0.04843918191603875,0.10010764262648009,0.30032292787944026,0.1054897739504844,0.012917115177610334,0.022604951560818085,0.060279870828848225,0.007534983853606028,0.007534983853606028,0.04413347685683531,0.0193756727664155,0.016146393972012917,0.002152852529601722,0.0032292787944025836,0.00968783638320775,0.015069967707212056,0.021528525296017224,0.0968783638320775,0.0,0
2021-04-07,0.08266129032258064,0.05443548387096774,0.06754032258064516,0.3548387096774194,0.056451612903225805,0.020161290322580645,0.025201612903225805,0.09576612903225806,0.015120967741935484,0.007056451612903226,0.023185483870967742,0.02217741935483871,0.014112903225806451,0.0010080645161290322,0.004032258064516129,0.007056451612903226,0.010080645161290322,0.019153225806451613,0.11794354838709678,0.0020161290322580645,0
2021-04-08,0.10438908659549229,0.06998813760379596,0.08778173190984578,0.29655990510083036,0.06287069988137604,0.02965599051008304,0.02609727164887307,0.07473309608540925,0.0035587188612099642,0.0071174377224199285,0.042704626334519574,0.018979833926453145,0.011862396204033215,0.0035587188612099642,0.010676156583629894,0.02491103202846975,0.01542111506524318,0.013048635824436536,0.09608540925266904,0.0,0
2021-04-09,0.09530386740331492,0.062154696132596686,0.062154696132596686,0.35773480662983426,0.09116022099447514,0.013812154696132596,0.022099447513812154,0.06906077348066299,0.0013812154696132596,0.008287292817679558,0.022099447513812154,0.03314917127071823,0.012430939226519336,0.0,0.004143646408839779,0.009668508287292817,0.012430939226519336,0.019337016574585635,0.10359116022099447,0.0,0
2021-04-10,0.086,0.042,0.084,0.36,0.08,0.016,0.004,0.056,0.006,0.014,0.05,0.012,0.002,0.004,0.008,0.01,0.03,0.016,0.12,0.0,0
2021-04-11,0.09547738693467336,0.04355108877721943,0.09212730318257957,0.3149078726968174,0.06030150753768844,0.01675041876046901,0.031825795644891124,0.051926298157453935,0.0016750418760469012,0.005025125628140704,0.03350083752093802,0.01675041876046901,0.008375209380234505,0.005025125628140704,0.008375209380234505,0.0016750418760469012,0.01675041876046901,0.020100502512562814,0.17587939698492464,0.0,0
2021-04-12,0.10601719197707736,0.04775549188156638,0.06876790830945559,0.37822349570200575,0.06685768863419293,0.017191977077363897,0.017191977077363897,0.0659025787965616,0.007640878701050621,0.008595988538681949,0.026743075453677174,0.02387774594078319,0.03151862464183381,0.0038204393505253103,0.0066857688634192934,0.0028653295128939827,0.012416427889207259,0.0066857688634192934,0.10124164278892073,0.0,0
2021-04-13,0.07339838778107764,0.04412388629613916,0.1353415358506576,0.1841323716588884,0.08442935935511243,0.015697921086126432,0.023759015697921087,0.17013152312261348,0.005515485787017395,0.016546457361052185,0.03860840050912177,0.027153160797624098,0.03903266864658464,0.0008485362749257531,0.007212558336868901,0.01824352991090369,0.010606703436571913,0.01951633432329232,0.08570216376750106,0.0,0
2021-04-14,0.07186932849364791,0.03411978221415608,0.12613430127041741,0.23284936479128857,0.0705989110707804,0.013430127041742287,0.022141560798548093,0.1985480943738657,0.004718693284936479,0.024319419237749548,0.03430127041742287,0.023956442831215972,0.04047186932849365,0.0007259528130671506,0.007622504537205082,0.008892921960072596,0.005626134301270417,0.013430127041742287,0.06606170598911071,0.00018148820326678765,0
2021-04-15,0.08818952100985647,0.029742348262147673,0.1265779007435587,0.24191596057409648,0.0954521874459623,0.015908697907660384,0.019712951755144387,0.17136434376621132,0.006916825177243645,0.022652602455472938,0.03268199896247622,0.023690126232059485,0.035102887774511496,0.0012104444060176379,0.009856475877572194,0.005879301400657099,0.004323015735777278,0.008300190212692375,0.0605222203008819,0.0,0
2021-04-16,0.08768267223382047,0.03688239387613083,0.09464161447459986,0.23903966597077245,0.0883785664578984,0.020876826722338204,0.030271398747390398,0.1722338204592902,0.010438413361169102,0.026791927627000695,0.03618649965205289,0.025052192066805846,0.023312456506610995,0.003479471120389701,0.005915100904662491,0.004523312456506611,0.009394572025052192,0.014613778705636743,0.07028531663187196,0.0,0
2021-04-17,0.10159211523881728,0.0401819560272934,0.09173616376042457,0.17058377558756635,0.11220621683093253,0.011372251705837756,0.043214556482183475,0.17816527672479152,0.009097801364670205,0.032600454890068235,0.04397270659590599,0.018953752843062926,0.016679302501895376,0.000758150113722517,0.01288855193328279,0.00530705079605762,0.0075815011372251705,0.01819560272934041,0.08491281273692192,0.0,0
2021-04-18,0.08221119773210489,0.05527994330262225,0.11693834160170093,0.18355776045357902,0.10205527994330262,0.014883061658398299,0.0368532955350815,0.14528703047484054,0.011339475549255847,0.021261516654854713,0.022678951098511695,0.03543586109142452,0.0368532955350815,0.004252303330970942,0.003543586109142452,0.004961020552799433,0.009213323883770375,0.013465627214741318,0.09992912827781715,0.0,0
2021-04-19,0.08410138248847926,0.04608294930875576,0.07373271889400922,0.22119815668202766,0.10829493087557604,0.008064516129032258,0.03513824884792627,0.1543778801843318,0.00576036866359447,0.016129032258064516,0.036290322580645164,0.02880184331797235,0.019585253456221197,0.002880184331797235,0.012096774193548387,0.00576036866359447,0.01152073732718894,0.019009216589861752,0.11117511520737328,0.0,0
2021-04-20,0.12260061919504645,0.05263157894736842,0.06130030959752322,0.21919504643962848,0.0934984520123839,0.015479876160990712,0.023529411764705882,0.13312693498452013,0.0037151702786377707,0.010526315789473684,0.030340557275541795,0.03343653250773994,0.0346749226006192,0.0006191950464396285,0.005572755417956657,0.011145510835913313,0.009287925696594427,0.03653250773993808,0.10278637770897833,0.0,0
2021-04-21,0.11243781094527364,0.056716417910447764,0.06517412935323383,0.23781094527363184,0.10895522388059702,0.014925373134328358,0.025870646766169153,0.14626865671641792,0.007462686567164179,0.013930348258706468,0.03134328358208955,0.03582089552238806,0.03333333333333333,0.0,0.004477611940298508,0.015422885572139304,0.005472636815920398,0.017412935323383085,0.06716417910447761,0.0,0
2021-04-22,0.1038961038961039,0.0481000481000481,0.1188071188071188,0.2784992784992785,0.07118807118807119,0.022607022607022607,0.023088023088023088,0.10533910533910534,0.006253006253006253,0.016835016835016835,0.03222703222703223,0.02068302068302068,0.019721019721019722,0.000481000481000481,0.006253006253006253,0.016354016354016353,0.016354016354016353,0.014911014911014911,0.0784030784030784,0.0,0
2021-04-23,0.10412926391382406,0.06104129263913824,0.11968880909634949,0.27169359664871334,0.10771992818671454,0.011968880909634948,0.028126870137642132,0.1047277079593058,0.006582884500299222,0.017953321364452424,0.03889886295631358,0.024536205864751647,0.011968880909634948,0.0017953321364452424,0.013165769000598444,0.0023937761819269898,0.007779772591262717,0.010173548773189706,0.05565529622980251,0.0,0
2021-04-24,0.08808724832214765,0.0436241610738255,0.07298657718120806,0.20385906040268456,0.09144295302013423,0.014261744966442953,0.026006711409395974,0.11493288590604027,0.008389261744966443,0.034395973154362415,0.06291946308724833,0.022651006711409395,0.012583892617449664,0.0050335570469798654,0.0050335570469798654,0.003355704697986577,0.026845637583892617,0.016778523489932886,0.14681208053691275,0.0,0
2021-04-25,0.08463726884779517,0.033428165007112376,0.06472261735419631,0.19914651493598862,0.07681365576102418,0.01209103840682788,0.034139402560455195,0.16927453769559034,0.01209103840682788,0.03769559032716927,0.04338549075391181,0.009246088193456615,0.017069701280227598,0.004267425320056899,0.017780938833570414,0.002844950213371266,0.020625889046941678,0.023470839260312945,0.13726884779516357,0.0,0
2021-04-26,0.08149632598530394,0.029392117568470273,0.10487641950567803,0.23981295925183702,0.10020040080160321,0.009352037408149633,0.03139612558450234,0.13092852371409486,0.012692050768203072,0.022712090848363394,0.025384101536406144,0.01068804275217101,0.01603206412825651,0.0013360053440213762,0.0006680026720106881,0.01002004008016032,0.012692050768203072,0.02404809619238477,0.13627254509018036,0.0,0
2021-04-27,0.07930607187112763,0.040892193308550186,0.12143742255266418,0.26332094175960347,0.08983890954151177,0.01486988847583643,0.02292441140024783,0.14002478314745972,0.0080545229244114,0.02168525402726146,0.024163568773234202,0.0037174721189591076,0.029120198265179677,0.0,0.010532837670384139,0.007434944237918215,0.024163568773234202,0.014250309789343246,0.08426270136307311,0.0,0
2021-04-28,0.09969481180061038,0.04425228891149542,0.0849440488301119,0.22177009155645983,0.14750762970498474,0.0167853509664293,0.015259409969481181,0.11749745676500509,0.004577822990844354,0.03306205493387589,0.020854526958290945,0.0167853509664293,0.03204476093591048,0.000508646998982706,0.009664292980671414,0.006103763987792472,0.04170905391658189,0.015259409969481181,0.07171922685656154,0.0,0
2021-04-29,0.1040398450470393,0.02877697841726619,0.11012728278915329,0.2628666297731046,0.09186496956281129,0.01992252351964582,0.029883785279468732,0.13779745434421695,0.012174875484228001,0.020475926950747094,0.03099059214167128,0.01992252351964582,0.024349750968456003,0.00387382401770891,0.009407858328721638,0.012728278915329275,0.01936912008854455,0.010514665190924184,0.0509131156613171,0.0,0
2021-04-30,0.09516298633017876,0.03732912723449001,0.07781282860147214,0.20872765509989485,0.07360672975814932,0.023133543638275498,0.025236593059936908,0.16771819137749738,0.01840168243953733,0.017875920084121977,0.04942166140904311,0.019978969505783387,0.016824395373291272,0.0005257623554153522,0.009989484752891693,0.006309148264984227,0.010515247108307046,0.013669821240799159,0.1277602523659306,0.0,0
2021-05-01,0.10095238095238095,0.034761904761904765,0.07047619047619047,0.18333333333333332,0.08523809523809524,0.02095238095238095,0.016666666666666666,0.1919047619047619,0.017142857142857144,0.019523809523809523,0.062380952380952384,0.014761904761904763,0.03857142857142857,0.002857142857142857,0.0033333333333333335,0.007619047619047619,0.010952380952380953,0.02142857142857143,0.09714285714285714,0.0,0
2021-05-02,0.09610027855153204,0.02298050139275766,0.07242339832869081,0.1511142061281337,0.06824512534818941,0.016016713091922007,0.026462395543175487,0.1789693593314763,0.012534818941504178,0.014623955431754874,0.057799442896935935,0.017409470752089137,0.0383008356545961,0.001392757660167131,0.011838440111420613,0.00766016713091922,0.02924791086350975,0.016713091922005572,0.16016713091922005,0.0,0
2021-05-03,0.09884467265725289,0.04942233632862644,0.08087291399229782,0.15532734274711169,0.06097560975609756,0.009627727856225931,0.018613607188703467,0.15532734274711169,0.010911424903722721,0.010911424903722721,0.04300385109114249,0.018613607188703467,0.03401797175866496,0.0019255455712451862,0.010911424903722721,0.004492939666238768,0.03465982028241335,0.02374839537869063,0.1777920410783055,0.0,0
2021-05-04,0.10650069156293222,0.029045643153526972,0.05325034578146611,0.1839557399723375,0.06639004149377593,0.014522821576763486,0.027662517289073305,0.14868603042876902,0.005532503457814661,0.014522821576763486,0.04495159059474412,0.022821576763485476,0.028354080221300138,0.002074688796680498,0.006224066390041493,0.004840940525587829,0.028354080221300138,0.027662517289073305,0.18326417704011064,0.0013831258644536654,0
2021-05-05,0.07298772169167804,0.04160982264665757,0.05525238744884038,0.16234652114597545,0.10300136425648022,0.022510231923601638,0.018417462482946793,0.10914051841746249,0.004092769440654843,0.009549795361527967,0.06412005457025921,0.018417462482946793,0.03615279672578445,0.004092769440654843,0.010914051841746248,0.011596180081855388,0.01227830832196453,0.034788540245566164,0.208731241473397,0.0,0
2021-05-06,0.1191354770690564,0.02319451765946231,0.05007907221929362,0.16605166051660517,0.08750658935160781,0.013178703215603585,0.02688455455983131,0.10279388508170796,0.002635740643120717,0.012124406958355299,0.05324196099103848,0.012651555086979441,0.04059040590405904,0.0005271481286241434,0.006852925672113864,0.0036900369003690036,0.02319451765946231,0.032156035846072746,0.22298365840801265,0.0005271481286241434,0
2021-05-07,0.09863945578231292,0.031292517006802724,0.04693877551020408,0.20068027210884354,0.10136054421768707,0.01904761904761905,0.030612244897959183,0.10408163265306122,0.01020408163265306,0.015646258503401362,0.06598639455782312,0.010884353741496598,0.027210884353741496,0.005442176870748299,0.021768707482993196,0.006122448979591836,0.02040816326530612,0.036734693877551024,0.1469387755102041,0.0,0
2021-05-08,0.13186813186813187,0.03502747252747253,0.03571428571428571,0.17857142857142858,0.050824175824175824,0.008928571428571428,0.017857142857142856,0.0673076923076923,0.003434065934065934,0.004120879120879121,0.15521978021978022,0.02197802197802198,0.019917582417582416,0.005494505494505495,0.005494505494505495,0.006868131868131868,0.017857142857142856,0.06456043956043957,0.16895604395604397,0.0,0
2021-05-09,0.1019845644983462,0.0402425578831312,0.037486218302094816,0.16979051819184124,0.060088202866593166,0.013781697905181918,0.013781697905181918,0.06835722160970231,0.005512679162072767,0.015435501653803748,0.16427783902976847,0.020948180815876516,0.014332965821389196,0.004961411245865491,0.005512679162072767,0.010474090407938258,0.007717750826901874,0.06725468577728776,0.17695700110253584,0.0011025358324145535,0
2021-05-10,0.08384964890541098,0.05328376703841388,0.03882693102023957,0.2201569599339116,0.08095828170177613,0.016522098306484923,0.014456836018174308,0.1305245766212309,0.0053696819496076,0.021891780256092525,0.09417596034696406,0.024783147459727387,0.015282940933498555,0.0024783147459727386,0.003304419661296985,0.003304419661296985,0.015282940933498555,0.039239983477901696,0.13176373399421726,0.004543577034283354,0
2021-05-11,0.09449244060475162,0.044816414686825054,0.055615550755939526,0.2505399568034557,0.10583153347732181,0.026997840172786176,0.0275377969762419,0.11285097192224622,0.007019438444924406,0.013498920086393088,0.055615550755939526,0.02159827213822894,0.01511879049676026,0.0,0.0016198704103671706,0.01079913606911447,0.023218142548596114,0.021058315334773217,0.11123110151187905,0.0005399568034557236,0
2021-05-12,0.0973323720259553,0.05407354001441961,0.07137707281903388,0.1521268925739005,0.09805335255948089,0.023792357606344627,0.03749098774333093,0.11535688536409516,0.009372746935832732,0.024513338139870222,0.06705118961788031,0.0136986301369863,0.023792357606344627,0.0021629416005767843,0.009372746935832732,0.007930785868781542,0.024513338139870222,0.018745493871665464,0.14924297043979812,0.0,0
2021-05-13,0.10874524714828897,0.0661596958174905,0.08136882129277566,0.2220532319391635,0.12091254752851711,0.01596958174904943,0.014448669201520912,0.11787072243346007,0.003041825095057034,0.023574144486692015,0.05475285171102662,0.012167300380228136,0.01749049429657795,0.009125475285171103,0.006083650190114068,0.02053231939163498,0.01064638783269962,0.016730038022813688,0.07604562737642585,0.0022813688212927757,0
2021-05-14,0.06693174287607687,0.031146454605699137,0.055666003976143144,0.27037773359840955,0.1073558648111332,0.005964214711729622,0.00927766732935719,0.1265738899933731,0.00927766732935719,0.009940357852882704,0.08416169648774023,0.015904572564612324,0.013916500994035786,0.004638833664678595,0.0066269052352551355,0.0019880715705765406,0.013253810470510271,0.025182239893969515,0.14049039098740887,0.0013253810470510272,0
2021-05-15,0.08252947481243302,0.03858520900321544,0.04608788853161844,0.3258306538049303,0.10503751339764202,0.007502679528403001,0.010718113612004287,0.09860664523043944,0.0053590568060021436,0.010718113612004287,0.05466237942122187,0.011789924973204717,0.006430868167202572,0.0,0.0010718113612004287,0.022508038585209004,0.006430868167202572,0.01714898177920686,0.1489817792068596,0.0,0
2021-05-16,0.10695970695970695,0.0380952380952381,0.05641025641025641,0.26666666666666666,0.06227106227106227,0.010256410256410256,0.017582417582417582,0.10695970695970695,0.015384615384615385,0.013186813186813187,0.07545787545787545,0.024175824175824177,0.009523809523809525,0.002197802197802198,0.004395604395604396,0.02490842490842491,0.004395604395604396,0.013186813186813187,0.147985347985348,0.0,0
2021-05-17,0.13561643835616438,0.04178082191780822,0.09041095890410959,0.25753424657534246,0.0863013698630137,0.01986301369863014,0.021232876712328767,0.0863013698630137,0.0061643835616438354,0.028767123287671233,0.04589041095890411,0.017123287671232876,0.015068493150684932,0.0136986301369863,0.003424657534246575,0.010958904109589041,0.004794520547945206,0.015068493150684932,0.0958904109589041,0.00410958904109589,0
2021-05-18,0.12039312039312039,0.042588042588042586,0.09009009009009009,0.2547092547092547,0.11466011466011466,0.027846027846027847,0.028665028665028666,0.10810810810810811,0.009009009009009009,0.0171990171990172,0.03276003276003276,0.011466011466011465,0.021294021294021293,0.005733005733005733,0.005733005733005733,0.003276003276003276,0.018018018018018018,0.007371007371007371,0.07944307944307945,0.001638001638001638,0
2021-05-19,0.1011333914559721,0.042720139494333044,0.07759372275501308,0.25108979947689625,0.1011333914559721,0.01918047079337402,0.02005231037489102,0.0950305143853531,0.004359197907585004,0.018308631211857017,0.05143853530950305,0.018308631211857017,0.016564952048823016,0.006102877070619006,0.011333914559721011,0.0034873583260680036,0.022667829119442023,0.02789886660854403,0.10810810810810811,0.0034873583260680036,0
2021-05-20,0.1515463917525773,0.03814432989690722,0.04742268041237113,0.20412371134020618,0.12886597938144329,0.023711340206185566,0.01752577319587629,0.08350515463917525,0.007216494845360825,0.018556701030927835,0.05463917525773196,0.020618556701030927,0.02268041237113402,0.003092783505154639,0.002061855670103093,0.003092783505154639,0.018556701030927835,0.021649484536082474,0.13298969072164948,0.0,0
2021-05-21,0.11827956989247312,0.05698924731182796,0.03225806451612903,0.25483870967741934,0.07634408602150537,0.013978494623655914,0.047311827956989246,0.08064516129032258,0.0064516129032258064,0.001075268817204301,0.054838709677419356,0.013978494623655914,0.016129032258064516,0.016129032258064516,0.015053763440860216,0.0032258064516129032,0.015053763440860216,0.03225806451612903,0.14516129032258066,0.0,0
2021-05-22,0.10307564422277639,0.049044056525353284,0.051537822111388194,0.26766417290108063,0.09725685785536159,0.01828761429758936,0.022443890274314215,0.1172069825436409,0.014962593516209476,0.004156275976724855,0.0399002493765586,0.015793848711554447,0.00997506234413965,0.013300083125519535,0.005818786367414797,0.0033250207813798837,0.00914380714879468,0.00997506234413965,0.14713216957605985,0.0,0
2021-05-23,0.1392,0.0464,0.0624,0.1408,0.064,0.0256,0.0272,0.1008,0.0064,0.0096,0.0576,0.0192,0.0448,0.0112,0.0016,0.0112,0.0208,0.0272,0.184,0.0,0
2021-05-24,0.08617234468937876,0.04008016032064128,0.07014028056112225,0.17635270541082165,0.0811623246492986,0.023046092184368736,0.04208416833667335,0.12625250501002003,0.01603206412825651,0.012024048096192385,0.04909819639278557,0.028056112224448898,0.033066132264529056,0.009018036072144289,0.003006012024048096,0.013026052104208416,0.01903807615230461,0.028056112224448898,0.14428857715430862,0.0,0
2021-05-25,0.10529891304347826,0.03328804347826087,0.10665760869565218,0.16847826086956522,0.07948369565217392,0.01358695652173913,0.049592391304347824,0.14673913043478262,0.006114130434782609,0.016983695652173912,0.04551630434782609,0.012907608695652174,0.008831521739130434,0.004076086956521739,0.007472826086956522,0.06589673913043478,0.01154891304347826,0.01970108695652174,0.09782608695652174,0.0,0
2021-05-26,0.07994078460399703,0.04515173945225759,0.07031828275351591,0.21243523316062177,0.11176905995558846,0.025906735751295335,0.025166543301258327,0.12213175425610659,0.003700962250185048,0.014063656550703183,0.04071058475203553,0.02220577350111029,0.03478904515173945,0.0014803849000740192,0.008142116950407105,0.015544041450777202,0.01776461880088823,0.02146558105107328,0.12731310140636565,0.0,0
2021-05-27,0.09082813891362422,0.03294746215494212,0.06589492430988424,0.2341941228851291,0.10774710596616206,0.018699910952804988,0.024933214603739984,0.11398040961709706,0.008904719501335707,0.016918967052537846,0.05075690115761353,0.028495102404274265,0.041852181656277826,0.005342831700801425,0.015138023152270703,0.018699910952804988,0.008904719501335707,0.016918967052537846,0.09795191451469279,0.0008904719501335708,0
2021-05-28,0.11827956989247312,0.044965786901270774,0.05180840664711633,0.22189638318670576,0.07624633431085044,0.008797653958944282,0.03421309872922776,0.12609970674486803,0.004887585532746823,0.013685239491691105,0.044965786901270774,0.017595307917888565,0.03616813294232649,0.002932551319648094,0.01270772238514174,0.017595307917888565,0.016617790811339198,0.010752688172043012,0.13978494623655913,0.0,0
2021-05-29,0.09800190294957184,0.04186489058039962,0.0532825880114177,0.23977164605137963,0.071360608943863,0.021883920076117985,0.019980970504281638,0.09705042816365367,0.0009514747859181732,0.015223596574690771,0.05233111322549953,0.028544243577545196,0.03330161750713606,0.0028544243577545195,0.0028544243577545195,0.009514747859181731,0.022835394862036156,0.02664129400570885,0.16175071360608945,0.0,0
2021-05-30,0.08963282937365011,0.0367170626349892,0.05723542116630669,0.1490280777537797,0.056155507559395246,0.005399568034557235,0.020518358531317494,0.06803455723542116,0.004319654427645789,0.02267818574514039,0.09503239740820735,0.014038876889848811,0.008639308855291577,0.0,0.00755939524838013,0.017278617710583154,0.01511879049676026,0.03347732181425486,0.2991360691144708,0.0,0
2021-05-31,0.08821170809943865,0.024859663191659984,0.0809943865276664,0.27826784282277467,0.09141940657578188,0.024859663191659984,0.04971932638331997,0.06094627105052125,0.007217321571772253,0.009623095429029671,0.04170008019246191,0.007217321571772253,0.01603849238171612,0.0,0.011226944667201283,0.009623095429029671,0.02165196471531676,0.01764234161988773,0.15878107457898957,0.0,0
2021-06-01,0.08102025506376594,0.02700675168792198,0.06001500375093773,0.24681170292573143,0.11552888222055514,0.01800450112528132,0.03825956489122281,0.11477869467366841,0.007501875468867217,0.012003000750187547,0.05026256564141035,0.015753938484621154,0.012753188297074268,0.0037509377344336083,0.00450112528132033,0.010502625656414103,0.0172543135783946,0.03975993998499625,0.1245311327831958,0.0,0
2021-06-02,0.09251700680272108,0.04285714285714286,0.08027210884353742,0.24489795918367346,0.053061224489795916,0.0163265306122449,0.02857142857142857,0.10204081632653061,0.017006802721088437,0.026530612244897958,0.04693877551020408,0.017687074829931974,0.01292517006802721,0.004761904761904762,0.0013605442176870747,0.017687074829931974,0.017006802721088437,0.03605442176870748,0.1414965986394558,0.0,0
2021-06-03,0.08492922564529559,0.042464612822647796,0.09825145711906745,0.27310574521232306,0.08409658617818484,0.012489592006661115,0.028309741881765195,0.059117402164862616,0.013322231473771857,0.017485428809325562,0.0466278101582015,0.030807660283097418,0.02997502081598668,0.0008326394671107411,0.004995836802664446,0.01498751040799334,0.009159034138218152,0.030807660283097418,0.11823480432972523,0.0,0
2021-06-04,0.09604043807919124,0.06571187868576242,0.07919123841617523,0.2384161752316765,0.06823925863521482,0.011794439764111205,0.03285593934288121,0.09098567818028644,0.007582139848357203,0.015164279696714406,0.05307497893850042,0.02274641954507161,0.02106149957877001,0.002527379949452401,0.0016849199663016006,0.008424599831508003,0.014321819713563605,0.02443133951137321,0.14406065711878685,0.0016849199663016006,0
2021-06-05,0.08901830282861897,0.04076539101497504,0.05740432612312812,0.23128119800332778,0.06239600665557404,0.012479201331114808,0.026622296173044926,0.1064891846921797,0.004991680532445923,0.012479201331114808,0.06572379367720466,0.011647254575707155,0.0066555740432612314,0.009983361064891847,0.0008319467554076539,0.015806988352745424,0.014975041597337771,0.015806988352745424,0.2113144758735441,0.0033277870216306157,0
2021-06-06,0.09014321819713564,0.05223251895534962,0.06402695871946082,0.21482729570345407,0.05728727885425442,0.013479359730412805,0.014321819713563605,0.05223251895534962,0.017691659646166806,0.003369839932603201,0.08845829823083404,0.005054759898904802,0.015164279696714406,0.008424599831508003,0.006739679865206402,0.005054759898904802,0.03454085930918281,0.040438079191238416,0.21314237573715247,0.003369839932603201,0
2021-06-07,0.08976773383553044,0.04959196484620213,0.06277463904582549,0.2297551789077213,0.08097928436911488,0.015693659761456372,0.02824858757062147,0.08913998744507219,0.010671688637790333,0.018832391713747645,0.04331450094161959,0.021343377275580666,0.005021971123666039,0.005649717514124294,0.008788449466415568,0.006905210295040804,0.029504080351537978,0.0389202762084118,0.16509730069052103,0.0,0
2021-06-08,0.08297480024585126,0.06146281499692686,0.05900430239704978,0.24339274738783037,0.10940381069452981,0.023355869698832205,0.03196066379840197,0.11985248924400738,0.008604794099569761,0.022126613398893668,0.03380454824830977,0.019053472649047325,0.00921942224953903,0.003073140749846343,0.004917025199754148,0.014751075599262446,0.019053472649047325,0.028887523048555623,0.10510141364474493,0.0,0
2021-06-09,0.11943793911007025,0.036885245901639344,0.05035128805620609,0.22072599531615925,0.0702576112412178,0.01639344262295082,0.01990632318501171,0.10714285714285714,0.00234192037470726,0.019320843091334895,0.07377049180327869,0.03278688524590164,0.01522248243559719,0.00117096018735363,0.00819672131147541,0.00702576112412178,0.02224824355971897,0.026932084309133488,0.14637002341920374,0.00351288056206089,0
2021-06-10,0.10091743119266056,0.054434250764525995,0.05321100917431193,0.24648318042813455,0.07951070336391437,0.011620795107033639,0.020795107033639144,0.0874617737003058,0.017737003058103974,0.024464831804281346,0.0709480122324159,0.018960244648318043,0.02874617737003058,0.0006116207951070336,0.00856269113149847,0.00672782874617737,0.02018348623853211,0.03363914373088685,0.11498470948012232,0.0,0
2021-06-11,0.10612855007473841,0.05904334828101644,0.07698056801195814,0.19955156950672645,0.09417040358744394,0.01195814648729447,0.020179372197309416,0.11136023916292975,0.017937219730941704,0.02092675635276532,0.059790732436472344,0.02092675635276532,0.02466367713004484,0.004484304932735426,0.0037369207772795215,0.01046337817638266,0.02092675635276532,0.021674140508221227,0.11434977578475336,0.0007473841554559044,0
2021-06-12,0.09486166007905138,0.040513833992094864,0.04743083003952569,0.1600790513833992,0.08399209486166008,0.010869565217391304,0.05039525691699605,0.07905138339920949,0.011857707509881422,0.007905138339920948,0.04841897233201581,0.017786561264822136,0.015810276679841896,0.001976284584980237,0.008893280632411068,0.010869565217391304,0.07312252964426877,0.03162055335968379,0.20454545454545456,0.0,0
2021-06-13,0.09538461538461539,0.038974358974358976,0.08102564102564103,0.19384615384615383,0.08717948717948718,0.013333333333333334,0.07897435897435898,0.1076923076923077,0.02358974358974359,0.017435897435897435,0.046153846153846156,0.021538461538461538,0.018461538461538463,0.008205128205128205,0.006153846153846154,0.008205128205128205,0.04205128205128205,0.008205128205128205,0.10256410256410256,0.0010256410256410256,0
2021-06-14,0.09569377990430622,0.07382091592617908,0.10868079289131921,0.24948735475051265,0.07382091592617908,0.014354066985645933,0.04921394395078606,0.1114149008885851,0.016404647983595352,0.01161995898838004,0.041695146958304855,0.03144224196855776,0.017088174982911826,0.0,0.007518796992481203,0.006151742993848257,0.023923444976076555,0.012987012987012988,0.05468215994531784,0.0,0
2021-06-15,0.0860128617363344,0.08922829581993569,0.0522508038585209,0.19533762057877813,0.08118971061093247,0.008038585209003215,0.06672025723472669,0.11655948553054662,0.028135048231511254,0.018488745980707395,0.04742765273311897,0.0297427652733119,0.00964630225080386,0.003215434083601286,0.007234726688102894,0.007234726688102894,0.02009646302250804,0.022508038585209004,0.10691318327974277,0.0040192926045016075,0
2021-06-16,0.09591326105087573,0.04920767306088407,0.08340283569641367,0.22101751459549623,0.07339449541284404,0.012510425354462052,0.027522935779816515,0.09174311926605505,0.030859049207673062,0.015012510425354461,0.061718098415346125,0.02418682235195997,0.027522935779816515,0.0016680567139282735,0.004170141784820684,0.010842368640533779,0.013344453711426188,0.02335279399499583,0.13261050875729774,0.0,0
2021-06-17,0.14409448818897638,0.06456692913385827,0.07401574803149606,0.2377952755905512,0.03858267716535433,0.014960629921259842,0.028346456692913385,0.1062992125984252,0.01968503937007874,0.013385826771653543,0.04015748031496063,0.024409448818897637,0.028346456692913385,0.003937007874015748,0.004724409448818898,0.002362204724409449,0.011811023622047244,0.01811023622047244,0.12283464566929134,0.0015748031496062992,0
2021-06-18,0.10844892812105927,0.05170239596469105,0.07313997477931904,0.21752837326607818,0.0926860025220681,0.01639344262295082,0.03972257250945776,0.09520807061790669,0.005674653215636823,0.02648171500630517,0.04287515762925599,0.01639344262295082,0.02395964691046658,0.0025220680958385876,0.0,0.01197982345523329,0.031525851197982346,0.017654476670870115,0.12610340479192939,0.0,0
2021-06-19,0.10812720848056537,0.03392226148409894,0.05017667844522968,0.2911660777385159,0.07915194346289753,0.023321554770318022,0.040282685512367494,0.09681978798586573,0.0035335689045936395,0.014134275618374558,0.0706713780918728,0.03392226148409894,0.025441696113074206,0.004240282685512367,0.004240282685512367,0.009187279151943463,0.01696113074204947,0.01060070671378092,0.08409893992932863,0.0,0
2021-06-20,0.08067226890756303,0.05714285714285714,0.1030812324929972,0.3081232492997199,0.10476190476190476,0.02857142857142857,0.021288515406162466,0.06946778711484594,0.009523809523809525,0.01288515406162465,0.05434173669467787,0.02072829131652661,0.02857142857142857,0.0016806722689075631,0.0033613445378151263,0.0033613445378151263,0.01680672268907563,0.00784313725490196,0.06778711484593837,0.0,0
2021-06-21,0.0755813953488372,0.05179704016913319,0.12367864693446089,0.2986257928118393,0.05813953488372093,0.022727272727272728,0.03382663847780127,0.08509513742071882,0.006871035940803382,0.0153276955602537,0.04756871035940803,0.021141649048625793,0.023784355179704016,0.0010570824524312897,0.005813953488372093,0.006871035940803382,0.01849894291754757,0.013742071881606765,0.08985200845665962,0.0,0
2021-06-22,0.10905172413793103,0.052155172413793104,0.10689655172413794,0.2525862068965517,0.06465517241379311,0.015517241379310345,0.023706896551724137,0.08793103448275862,0.006896551724137931,0.014655172413793103,0.04698275862068965,0.027155172413793102,0.022844827586206897,0.0004310344827586207,0.003017241379310345,0.014655172413793103,0.01767241379310345,0.014655172413793103,0.11853448275862069,0.0,0
2021-06-23,0.11707523245984784,0.05198647506339814,0.07227387996618766,0.21639898562975485,0.08833474218089603,0.018596787827557058,0.030431107354184278,0.10777683854606931,0.0029585798816568047,0.02028740490278952,0.040997464074387154,0.030008453085376162,0.018174133558748945,0.0033812341504649195,0.006339814032121725,0.009298393913778529,0.019864750633981403,0.026204564666103127,0.11961115807269654,0.0,0
2021-06-24,0.10735963581183612,0.042109256449165404,0.11039453717754173,0.2860394537177542,0.07701062215477997,0.015553869499241275,0.02465857359635812,0.11115326251896814,0.006449165402124431,0.01024279210925645,0.030728376327769348,0.02276176024279211,0.02503793626707132,0.0030349013657056147,0.007207890743550834,0.011380880121396054,0.013277693474962063,0.016312594840667678,0.07928679817905918,0.0,0
2021-06-25,0.09353233830845771,0.03946932006633499,0.10248756218905472,0.31276948590381426,0.07263681592039802,0.02155887230514096,0.040132669983416254,0.08623548922056384,0.0026533996683250414,0.01625207296849088,0.029850746268656716,0.01791044776119403,0.014925373134328358,0.009286898839137645,0.005306799336650083,0.011608623548922056,0.014925373134328358,0.012271973466003316,0.09618573797678276,0.0,0
2021-06-26,0.08277189605389798,0.05437921077959577,0.08277189605389798,0.287776708373436,0.09191530317613089,0.02598652550529355,0.04138594802694899,0.08421559191530317,0.003368623676612127,0.01588065447545717,0.03224254090471607,0.017324350336862367,0.011549566891241578,0.008662175168431183,0.0009624639076034649,0.007218479307025986,0.02165543792107796,0.012993262752646775,0.11693936477382098,0.0,0
2021-06-27,0.12349639133921411,0.05052125100240577,0.05693664795509222,0.22213311948676825,0.0673616680032077,0.020850040096230954,0.028869286287089013,0.1082598235765838,0.010425020048115477,0.022453889334402566,0.0272654370489174,0.02566158781074579,0.01603849238171612,0.0056134723336006415,0.00801924619085806,0.008821170809943865,0.019246190858059342,0.0272654370489174,0.1507618283881315,0.0,0
2021-06-28,0.1073708647707487,0.0481717933836332,0.053395240858966915,0.2559489262913523,0.0742890307603018,0.02379570516540917,0.024376088218224026,0.0824143934997098,0.006384213580963436,0.016831108531630876,0.046430644225188625,0.034822983168891465,0.027278003482298318,0.002901915264074289,0.005803830528148578,0.023215322112594312,0.01857225769007545,0.02901915264074289,0.11897852582704585,0.0,0
2021-06-29,0.1287528868360277,0.05023094688221709,0.07967667436489607,0.18302540415704388,0.0779445727482679,0.016166281755196306,0.03464203233256351,0.10623556581986143,0.007505773672055427,0.012702078521939953,0.050808314087759814,0.01789838337182448,0.03002309468822171,0.0011547344110854503,0.009237875288683603,0.005773672055427252,0.03233256351039261,0.02020785219399538,0.13568129330254042,0.0,0
2021-06-30,0.08927259368111683,0.04335047759000735,0.06869948567229978,0.19544452608376195,0.07127112417340191,0.02387950036737693,0.03379867744305658,0.16972814107274062,0.005510653930933138,0.012490815576781777,0.0470242468772961,0.019103600293901544,0.026818515797207936,0.005143277002204262,0.014327700220426157,0.00881704628949302,0.01763409257898604,0.019838354151359296,0.1278471711976488,0.0,0
2021-07-01,0.1109865470852018,0.06502242152466367,0.07286995515695067,0.18834080717488788,0.0655829596412556,0.015134529147982063,0.029708520179372196,0.15190582959641255,0.0072869955156950675,0.010650224215246636,0.03923766816143498,0.01961883408071749,0.04035874439461883,0.0011210762331838565,0.008968609865470852,0.010089686098654708,0.028026905829596414,0.0257847533632287,0.109304932735426,0.0,0
2021-07-02,0.08702975856260528,0.03172375070185289,0.0738349241998877,0.2150477259966311,0.06400898371701291,0.02386299831555306,0.03228523301516002,0.21729365524985964,0.00673778775968557,0.018528916339135316,0.026108927568781585,0.008422234699606962,0.028916339135317236,0.0039303761931499155,0.010668163952835485,0.005334081976417743,0.022459292532285232,0.012352610892756879,0.1111734980348119,0.00028074115665356543,0
2021-07-03,0.08808095952023988,0.041604197901049474,0.07683658170914542,0.17466266866566715,0.0712143928035982,0.022488755622188907,0.04047976011994003,0.1686656671664168,0.0022488755622188904,0.01461769115442279,0.035982008995502246,0.016116941529235384,0.02923538230884558,0.008995502248875561,0.010119940029985007,0.013493253373313344,0.0239880059970015,0.014992503748125937,0.1454272863568216,0.0007496251874062968,0
2021-07-04,0.10596945858398889,0.03378065710319297,0.06987505784359092,0.19435446552521982,0.05969458583988894,0.018047200370198982,0.03285515964831097,0.15594632114761683,0.006015733456732994,0.014345210550670985,0.03933364183248496,0.01018047200370199,0.027764923646459973,0.0041647385469689956,0.01156871818602499,0.0041647385469689956,0.022674687644608976,0.025451180009254976,0.16381304951411382,0.0,0
2021-07-05,0.11902082160945414,0.04473832301631964,0.04670793472144063,0.22594259988745077,0.056555993247045584,0.027855936972425437,0.029544175576814855,0.13562183455261678,0.005627462014631401,0.016038266741699492,0.029262802476083285,0.015475520540236353,0.023635340461451885,0.0030951041080472708,0.012380416432189083,0.010973550928531233,0.030106921778277996,0.016319639842431063,0.15109735509285313,0.0,0
2021-07-06,0.10403609927300075,0.04487340185510153,0.05866131862622211,0.1977939333166207,0.05715718225119078,0.029079969917272498,0.043369265480070196,0.15292053146151918,0.01579343193782903,0.013537227375282025,0.03158686387565806,0.013537227375282025,0.02782652293807972,0.006016545500125345,0.021057909250438708,0.01779894710453748,0.024818250188017046,0.023063424417147156,0.11657056906492855,0.000501378791677112,0
2021-07-07,0.10375757575757576,0.04703030303030303,0.046303030303030304,0.2756363636363636,0.06181818181818182,0.025454545454545455,0.030545454545454546,0.13454545454545455,0.010181818181818183,0.017212121212121213,0.022787878787878788,0.01575757575757576,0.017212121212121213,0.0014545454545454545,0.012363636363636363,0.010424242424242424,0.02327272727272727,0.017696969696969697,0.12654545454545454,0.0,0
2021-07-08,0.10046212577858148,0.04159132007233273,0.06630500301386377,0.244122965641953,0.06710870002009242,0.01848503114325899,0.03134418324291742,0.1416515973477999,0.008036970062286517,0.019891500904159132,0.02471368294153104,0.020494273658830622,0.030942334739803096,0.004822182037371911,0.009041591320072333,0.008639742816958007,0.026923849708659835,0.016877637130801686,0.11834438416716898,0.00020092425155716296,0
2021-07-09,0.12182061579651941,0.0498661311914324,0.07228915662650602,0.20866800535475236,0.06325301204819277,0.020080321285140562,0.03965863453815261,0.11479250334672021,0.008868808567603748,0.02108433734939759,0.03597724230254351,0.029451137884872823,0.02677376171352075,0.0035140562248995983,0.007362784471218206,0.00819946452476573,0.023259705488621153,0.01706827309236948,0.1280120481927711,0.0,0
2021-07-10,0.12329485834207765,0.05220356768100735,0.057187827911857295,0.24449108079748164,0.06505771248688352,0.013378803777544596,0.030167890870933894,0.09732423924449109,0.009968520461699895,0.022560335781741866,0.049055613850996854,0.026495278069254984,0.022560335781741866,0.0018363064008394543,0.015739769150052464,0.013378803777544596,0.025970619097586568,0.020724029380902412,0.10860440713536201,0.0,0
2021-07-11,0.13090056913290926,0.04921325744894543,0.05155674589889521,0.19383997321727486,0.07934382323401407,0.02176096417810512,0.034147974556411116,0.10177435554067626,0.018078339471041177,0.017408771342484097,0.03381319049213258,0.021426180113826583,0.022765316370940744,0.0033478406427854034,0.0190826916638768,0.03080013391362571,0.02042182792099096,0.018078339471041177,0.13157013726146635,0.0006695681285570807,0
2021-07-12,0.10427443506670296,0.04519466376259189,0.08113258916417097,0.1941192485706507,0.06261911244214538,0.022597331881295944,0.034848897359107,0.1328614211815954,0.014157364552137218,0.01987476177511571,0.03675469643343316,0.0302205281786006,0.02395861693438606,0.004900626191124422,0.007623196297304655,0.012251565477811054,0.022052817860059897,0.01905799074326164,0.13122787911788727,0.0002722570106180234,0
2021-07-13,0.09867172675521822,0.05787476280834915,0.06807400379506641,0.24620493358633777,0.05455407969639469,0.020872865275142316,0.03154648956356736,0.11764705882352941,0.012571157495256167,0.019212523719165084,0.03439278937381404,0.022770398481973434,0.03273244781783681,0.0028462998102466793,0.010199240986717267,0.017552182163187855,0.027751423149905124,0.018263757115749527,0.10460151802656546,0.0016603415559772296,0
2021-07-14,0.11115437025501265,0.05820517811952501,0.06404516254623321,0.22328207124781,0.07903445590811758,0.020050613198364806,0.03250924664200895,0.10823437804165856,0.006229316721822076,0.021413276231263382,0.03601323729803387,0.021023943936149505,0.027253260657971578,0.003698656803581857,0.005839984426708195,0.01382129647654273,0.03776523262604633,0.023165271559275842,0.1064823827136461,0.0007786645902277594,0
2021-07-15,0.11024643320363164,0.06398616515348032,0.0914396887159533,0.24319066147859922,0.07025507998270644,0.015131863380890618,0.0324254215304799,0.10765239948119326,0.008430609597924773,0.016861219195849545,0.033506268914829225,0.019671422395157803,0.02356247297881539,0.005188067444876783,0.00648508430609598,0.016861219195849545,0.028318201469952443,0.014051015996541289,0.09252053610030264,0.00021616947686986597,0
2021-07-16,0.11630495269894268,0.05026896679651271,0.07419773696902245,0.2446670376553515,0.07252828788721943,0.012057132257466147,0.017436468187720273,0.06492301984789464,0.005750324615099239,0.010944166202930811,0.05768874049341495,0.017436468187720273,0.02244481543312929,0.001669449081803005,0.00333889816360601,0.008718234093860137,0.02096086069374884,0.015767019105917268,0.18289742162864034,0.0,1
2021-07-17,0.09177215189873418,0.06183057448880234,0.09274586173320351,0.2655793573515092,0.06499513145082765,0.008519961051606621,0.016066212268743916,0.05842259006815969,0.006085686465433301,0.01436222005842259,0.055501460564751706,0.012414800389483933,0.018500486854917234,0.008033106134371958,0.0029211295034079843,0.009737098344693282,0.02117818889970789,0.05111976630963973,0.14021421616358326,0.0,1
2021-07-18,0.11038759689922481,0.04279069767441861,0.06666666666666667,0.25333333333333335,0.04062015503875969,0.00806201550387597,0.017674418604651163,0.07534883720930233,0.005891472868217054,0.013643410852713178,0.05798449612403101,0.013953488372093023,0.02263565891472868,0.012093023255813953,0.004031007751937985,0.029767441860465118,0.021085271317829456,0.08403100775193799,0.12,0.0,1
2021-07-19,0.10314435445450214,0.06407813244402097,0.08122915674130539,0.24464030490709862,0.0886136255359695,0.012386850881372083,0.01881848499285374,0.07455931395902811,0.011434016198189614,0.01881848499285374,0.04811815150071463,0.016674606955693186,0.015483563601715102,0.009051929490233444,0.007384468794664126,0.03215817055740829,0.015959980943306338,0.050023820867079564,0.08742258218199142,0.0,1
2021-07-20,0.09951107276387691,0.057808455565142365,0.08426804716709807,0.24935289042277825,0.0730514811619212,0.015243025596778832,0.022145527753810755,0.08398044291055508,0.016681046879493816,0.01926948518838079,0.0454414725337935,0.018694276675294795,0.02473396606269773,0.0025884383088869713,0.010353753235547885,0.015818234109864826,0.02099511072763877,0.03940178314639057,0.1006614897900489,0.0,1
2021-07-21,0.11386657352427523,0.05658400279427174,0.062172546280125744,0.2176039119804401,0.07719175689835836,0.010129235068110374,0.025847013622074748,0.07684247293049248,0.012224938875305624,0.020258470136220747,0.06252183024799161,0.010478519035976248,0.03248340901152637,0.0,0.012923506811037374,0.021655606007684246,0.02549772965420887,0.041914076143904994,0.11910583304226335,0.0006985679357317499,1
2021-07-22,0.11072664359861592,0.058823529411764705,0.05151864667435602,0.18108419838523646,0.08727412533640908,0.020376778162245292,0.03383314109957709,0.0922722029988466,0.009611687812379853,0.01768550557477893,0.05190311418685121,0.028450595924644367,0.03460207612456748,0.0034602076124567475,0.010380622837370242,0.014994232987312572,0.0265282583621684,0.03383314109957709,0.1303344867358708,0.002306805074971165,1
2021-07-23,0.1107533805537669,0.056664520283322604,0.07179652285898261,0.2163554410817772,0.08596265292981327,0.026722472633612365,0.028010302640051513,0.06889890534449453,0.008370895041854474,0.015453960077269801,0.051513200257566,0.0231809401159047,0.027688345138441726,0.0035415325177076628,0.0077269800386349004,0.015453960077269801,0.017707662588538314,0.024790727623953637,0.139407598197038,0.0,1
2021-07-24,0.09448275862068965,0.04896551724137931,0.0789655172413793,0.22724137931034483,0.09448275862068965,0.014137931034482758,0.032413793103448274,0.06241379310344827,0.004827586206896552,0.017586206896551725,0.04758620689655172,0.029655172413793104,0.02586206896551724,0.004137931034482759,0.00896551724137931,0.012413793103448275,0.04206896551724138,0.026551724137931033,0.12724137931034482,0.0,1
2021-07-25,0.09352209352209352,0.04075504075504076,0.053196053196053195,0.22737022737022736,0.11368511368511368,0.01716001716001716,0.013299013299013299,0.07078507078507079,0.009009009009009009,0.014586014586014585,0.057057057057057055,0.015015015015015015,0.030459030459030458,0.001287001287001287,0.00858000858000858,0.006435006435006435,0.04461604461604462,0.03303303303303303,0.14843414843414843,0.001716001716001716,1
2021-07-26,0.08925204274041483,0.05059710873664362,0.05845380263984915,0.20458830923947202,0.05813953488372093,0.03802639849151477,0.03205531112507857,0.09396605908233815,0.011313639220615965,0.017913262099308613,0.05562539283469516,0.019798868636077938,0.04399748585795098,0.0018856065367693275,0.0021998742928975488,0.016656191074795726,0.019170333123821496,0.02262727844123193,0.16279069767441862,0.0009428032683846638,1
2021-07-27,0.07591093117408906,0.03475033738191633,0.06680161943319839,0.22267206477732793,0.07321187584345479,0.038798920377867745,0.039473684210526314,0.08299595141700405,0.010121457489878543,0.008434547908232119,0.05161943319838057,0.020242914979757085,0.023954116059379218,0.004723346828609987,0.015182186234817813,0.008434547908232119,0.033738191632928474,0.018893387314439947,0.1700404858299595,0.0,1
2021-07-28,0.11411010154997328,0.04703367183324426,0.05531801175841796,0.28888295029396044,0.05986103687867451,0.021913415285943347,0.03019775521111705,0.07776590058792089,0.01389631213254944,0.02084446819882416,0.04489577765900588,0.020042757883484766,0.02939604489577766,0.00347407803313736,0.01790486370924639,0.0085515766969535,0.01897381079636558,0.01469802244788883,0.1122394441475147,0.0,1
2021-07-29,0.1334056399132321,0.051247288503253795,0.05151843817787419,0.24918655097613882,0.06616052060737528,0.021691973969631236,0.031182212581344904,0.06263557483731019,0.008405639913232104,0.021420824295010847,0.05260303687635575,0.031453362255965296,0.021963123644251625,0.004338394793926247,0.003796095444685466,0.009490238611713666,0.027386117136659435,0.025216919739696312,0.12689804772234273,0.0,1
2021-07-30,0.10806345009914078,0.059484467944481166,0.0356906807666887,0.25776602775941837,0.06873760740251157,0.018506278916060808,0.04130865829477859,0.06972901520158625,0.006609385327164574,0.017184401850627893,0.0518836748182419,0.018175809649702578,0.017184401850627893,0.0039656311962987445,0.0056179775280898875,0.014540647719762063,0.026768010575016522,0.026768010575016522,0.1520158625247852,0.0,1
2021-07-31,0.09541984732824428,0.03721374045801527,0.048187022900763356,0.21517175572519084,0.06870229007633588,0.017652671755725192,0.03625954198473282,0.05438931297709924,0.011450381679389313,0.014790076335877863,0.0625,0.016221374045801526,0.019083969465648856,0.003816793893129771,0.02099236641221374,0.010019083969465648,0.03101145038167939,0.04150763358778626,0.19322519083969467,0.002385496183206107,1
2021-08-01,0.09243697478991597,0.026470588235294117,0.03865546218487395,0.2222689075630252,0.06470588235294118,0.015546218487394958,0.024369747899159664,0.059243697478991594,0.0063025210084033615,0.013025210084033614,0.07689075630252101,0.023949579831932775,0.023109243697478993,0.0033613445378151263,0.015966386554621848,0.007983193277310924,0.026470588235294117,0.04579831932773109,0.2134453781512605,0.0,1
2021-08-02,0.10801203171998906,0.03281378178835111,0.05769756631118403,0.1651627016680339,0.06398687448728466,0.019141372709871478,0.03171998906207274,0.08203445447087777,0.010117582718074924,0.011211375444353295,0.10008203445447088,0.018321028165162703,0.02351654361498496,0.008750341810226962,0.016406890894175553,0.010937927262783703,0.02433688815969374,0.04074377905386929,0.17063166529942575,0.004375170905113481,1
2021-08-03,0.10265859436693867,0.061068702290076333,0.056857067649381414,0.19794682811266123,0.060805475125032905,0.015003948407475652,0.023163990523822058,0.07633587786259542,0.011055540931824164,0.015267175572519083,0.09344564359041853,0.018689128718083706,0.022900763358778626,0.009739405106607002,0.005790997630955514,0.008160042116346407,0.029481442484864437,0.040010529086601736,0.15109239273493025,0.0005264543300868649,1
2021-08-04,0.10484365419987737,0.04721030042918455,0.035867565910484366,0.22194972409564684,0.061312078479460456,0.022072348252605765,0.028816676885346414,0.06253832004904966,0.011955855303494788,0.019313304721030045,0.05916615573267934,0.025444512568976087,0.029123237277743717,0.005211526670754138,0.003678724708767627,0.009196811771919068,0.023298589822194973,0.04230533415082771,0.18608215818516247,0.0006131207847946045,1
2021-08-05,0.10705209656925031,0.04796696315120712,0.06734434561626429,0.22617534942820838,0.05686149936467599,0.017153748411689963,0.040025412960609914,0.07210927573062262,0.0054002541296060995,0.014930114358322744,0.06130876747141042,0.016836086404066072,0.028907242693773826,0.0028589580686149934,0.016200762388818297,0.0044472681067344345,0.02096569250317662,0.03144853875476493,0.16200762388818296,0.0,1
2021-08-06,0.11118674835488995,0.0494667574313592,0.05604719764011799,0.19854776491944634,0.060812343998184706,0.017245291581574767,0.02155661447696846,0.06466984343090537,0.009076469253460404,0.0179260267755843,0.06376219650555934,0.017245291581574767,0.02541411390968913,0.0013614703880190605,0.0058997050147492625,0.017245291581574767,0.02859087814840027,0.044928522804629,0.1887905604719764,0.0002269117313365101,1
2021-08-07,0.11395566656259756,0.07118326568841711,0.03746487667811427,0.17795816422104277,0.07024664377146425,0.017795816422104278,0.01404932875429285,0.05463627848891664,0.006868560724320949,0.017483609116453323,0.0627536684358414,0.023415547923821417,0.01935685295035904,0.005307524196066188,0.004058694973462379,0.013737121448641898,0.029971901342491416,0.03496721823290665,0.2247892600686856,0.0,1
2021-08-08,0.13197195976836332,0.034745504419384336,0.03383114903992685,0.1929289850655288,0.04480341359341664,0.011581834806461445,0.025601950624809508,0.07284364523011277,0.012800975312404754,0.013105760438890583,0.05851874428527888,0.014324900944833891,0.019811033221578785,0.005486132276744895,0.00853398354160317,0.013105760438890583,0.03352636391344102,0.025906735751295335,0.2462663822005486,0.00030478512648582747,1
2021-08-09,0.11999078765545831,0.037309995393827726,0.04859511745739291,0.16213726393367112,0.06080147397512667,0.010363887609396591,0.023721787194841085,0.09281437125748503,0.009442653155228006,0.015200368493781667,0.06149239981575311,0.029018885306310457,0.02878857669276831,0.0027637033625057578,0.004145555043758637,0.014509442653155229,0.030170428374021188,0.036849378166743434,0.21165361584523262,0.00023030861354214648,1
2021-08-10,0.09071993341656263,0.07386600083229297,0.05513940907199334,0.21327507282563463,0.05930087390761548,0.02517686225551394,0.018726591760299626,0.08489388264669163,0.00478568456096546,0.019558884727424054,0.04702455264253017,0.01893466500208073,0.02850603412401165,0.005201831044527674,0.014773200166458594,0.021639617145235122,0.035164377861007075,0.028297960882230546,0.15501456512692469,0.0,1
2021-08-11,0.10364989369241673,0.06325301204819277,0.06006378454996456,0.203756201275691,0.059177888022678954,0.026222537207654145,0.024096385542168676,0.09620836286321757,0.010453579021970234,0.01913536498936924,0.045535081502480514,0.029588944011339477,0.022147413182140325,0.0037207654145995747,0.005846917080085046,0.01080793763288448,0.04429482636428065,0.01754075124025514,0.15379163713678243,0.0007087172218284905,1
2021-08-12,0.10100879461976203,0.06091567511639938,0.05858768753233316,0.20602690118986033,0.055483704086911535,0.025995861355406106,0.041645111226073464,0.09661148473874806,0.006983962752198655,0.01720124159337817,0.043714433523021214,0.02470253491981376,0.025219865494050697,0.008794619762027936,0.011639937920331092,0.02677185721676151,0.04746508018623901,0.01720124159337817,0.12390067252974651,0.00012933264355923435,1
2021-08-13,0.09926573101589367,0.051677665210521424,0.06459708151315179,0.19332651733432474,0.06719955386188307,0.02342225113858165,0.04414908448740589,0.10196114880565109,0.006599126312854355,0.012454689097499768,0.0368063946463426,0.029649595687331536,0.03067199553861883,0.006970908076958825,0.01756668835393624,0.051491774328469186,0.04600799330792825,0.01319825262570871,0.10279765777488614,0.00018589088205223534,1
2021-08-14,0.10274486275686216,0.0664466776661167,0.06659667016649168,0.19064046797660117,0.059397030148492576,0.021748912554372283,0.047997600119994,0.09539523023848807,0.005699715014249288,0.014999250037498125,0.0359982000899955,0.02039898005099745,0.02984850757462127,0.004349782510874456,0.013499325033748313,0.04664766761661917,0.037648117594120296,0.023248837558122095,0.11639418029098544,0.0002999850007499625,1
